name,player_id,k_percent_Breaking,k_percent_Fastball,k_percent_Offspeed,put_away_Breaking,put_away_Fastball,put_away_Offspeed,whiff_percent_Breaking,whiff_percent_Fastball,whiff_percent_Offspeed,woba_Breaking,woba_Fastball,woba_Offspeed
Aaron Judge,592450,31.522058675304528,16.621880830635025,13.088342447057938,21.335477694920296,17.605958520800623,10.310176862121262,44.46824257423143,16.085649929912663,36.4549100808078,0.4110546798542322,0.5816914799512835,0.5026011381978638
Adael Amador,691182,28.114445689868788,27.40895903261197,22.96301383448924,20.82102059681577,23.80167401178304,18.345681013779444,30.6757121528443,19.36150789056249,36.269610827174375,0.3135682981148394,0.3041918597317604,0.3194163649935225
Adam Frazier,624428,25.692393217042294,12.931073680262775,22.136393182067994,19.121354362240613,11.362452018023143,17.552385998931758,23.2811074137082,17.58210939359713,24.120335373768047,0.2557161328958738,0.2761999485463307,0.2147953832913644
Addison Barger,680718,30.05995612874001,21.227930508487024,31.054226878804528,20.53698987538208,19.97310882203869,29.56471502536914,35.910758837460804,19.80675206214948,37.4322704613409,0.3106756396604257,0.2073834212379448,0.1979229081306683
Adley Rutschman,668939,26.582569468496416,10.249452433018329,18.86820483757335,18.36655136471201,14.420780606813333,11.744241275158764,19.22354618857757,7.797382686571229,12.872033820352735,0.2635507010815231,0.329020046214183,0.258055790347908
Adolis Garcia,666969,29.83489520140852,18.27614601141115,25.3199966897084,29.41540603155101,20.642534389578884,20.534528133636098,42.27648892274969,20.049085187149046,38.54313623546527,0.229468081044352,0.3878180350621912,0.2469466007446021
Agustin Ramirez,682663,22.30069970700457,17.921521639694713,21.49447334875753,19.710522504724157,21.384455169343823,15.110467460396269,33.18405677506767,17.20091295309435,33.72584099441045,0.2799718618419502,0.3917873761822075,0.2995827625300849
Alan Roden,702176,15.08138279814208,14.876798115284371,21.17878767856805,12.679791071260894,12.730706953414888,20.08483195814529,26.26110629573696,10.560203053652312,20.22835043895469,0.3049402908526495,0.2248329833105969,0.1728972473758271
Alec Bohm,664761,21.19539411523948,13.344033044661588,15.596765168694054,19.54707574189819,15.617524017458278,12.14239735921839,27.33440022729373,7.612633929524906,17.92272781477122,0.2151278861027617,0.3015016368550167,0.2811886522042313
Alec Burleson,676475,16.923042746012168,13.968136379649769,24.1088621385929,12.62397065707547,15.687681354955297,16.735035786072803,19.39080876232272,15.482953436187405,35.2230159242489,0.2617513589250559,0.3946759283690734,0.3632360635383686
Alejandro Kirk,672386,18.513313430142222,11.140042773581108,22.22467460189777,15.799034479517172,12.451597044504126,18.421694586382177,26.176324102341187,16.201277881697795,25.444252760255345,0.2555463104884151,0.2918288416830373,0.2403555923877867
Alek Thomas,677950,0.0,24.67401145300326,13.95807577318705,0.0,30.322239987054253,13.307336880377068,23.789942728551942,21.14327577850346,24.93496024255148,0.2811925626936472,0.3506462233690801,0.2610998379693467
Alex Bregman,608324,23.35133245090165,15.78360330595479,23.173970761874926,24.08896168599392,18.02350478025652,19.35108351132389,30.18127204029783,10.9910018944713,24.40390627495095,0.385641419684226,0.3971388922502414,0.4337143967233454
Alex Call,669743,24.404245295986293,11.071335918873066,14.06562014592016,20.77785298020028,12.371951451807249,10.62926523142783,27.28112185236061,12.9285731317439,21.10605942111041,0.2913012832979048,0.3369865188701535,0.2351804020161042
Alex Verdugo,657077,12.64505245313645,10.051500813582953,18.348235479602696,10.81698855946346,10.642123259576987,12.49477105695647,16.855855797914415,7.103634846798662,21.55621036134208,0.3141797887517126,0.3027435566981618,0.296233607123946
Alexander Canario,672744,28.12770718544348,4.721247002400244,26.24236638942028,22.377798757481635,5.478826107998566,19.011936383727075,39.303132026685255,32.53235504520035,24.57535896455256,0.3915072280264318,0.5015214992780364,0.2841495560111019
Andrew Benintendi,643217,24.96634702298068,16.12694331807511,15.639924350125964,23.595375298147037,19.44723524294201,15.399101929687353,27.208920893900924,25.03120756984098,23.421642422735985,0.3102268977714295,0.3413456761585567,0.2728704369739593
Andrew Mccutchen,457705,22.291026436783877,12.150290847398193,14.260004062732907,13.058108668148968,12.978479369616196,10.377985897522034,38.65546642817929,18.78420136170176,27.19505514129227,0.296609309132449,0.3145373403663785,0.2352596606864355
Andrew Vaughn,683734,30.234422226718014,17.25776418302607,18.67978853479336,19.291303112219623,20.45196750812518,14.884073074086404,40.54167042727714,17.51370136428398,22.938481596395597,0.2360969113043432,0.2595878161037509,0.2755060928165361
Andres Gimenez,665926,12.5209826274293,21.98516268647871,8.100161016419165,11.629780866453068,23.98363919250067,10.221015507880796,22.714191758243324,22.2298490400719,21.929600254754572,0.2953562972971113,0.2651144586985885,0.1275626765668294
Andy Ibanez,628451,27.34194527475185,14.4183682408577,21.62905797661052,16.843286444911005,10.196666302511863,17.545891787934885,36.12388945619978,18.602632726159296,24.35007448644785,0.2865146464176902,0.3301929234086672,0.2964396110166352
Andy Pages,681624,15.243074341444254,23.373146798309705,16.780533173691985,11.351829095031864,16.72106225311873,14.02896150014681,20.7210145979882,19.583434390598683,21.835637478854835,0.4469771220232273,0.3236311201693444,0.3613650530794556
Angel Martinez,682657,26.17970104561057,8.83492771336236,20.353115558688557,19.455469434605305,6.534124230066425,16.359215990630524,30.64049504439551,21.548176971276614,26.82341678086017,0.2832823557881435,0.3612893975195806,0.2496203043217154
Anthony Santander,623993,21.956381766478867,27.29376823173685,23.538331882222632,13.536987086718709,24.37292217425415,17.409810920189,22.011146142835926,20.47206068223052,27.972684538303508,0.3502390977962354,0.3276799674142556,0.2723905544900833
Anthony Volpe,683011,26.96507955156832,19.71306031636356,23.203001145124748,30.51212768917026,18.60637584357169,18.596963394543213,30.12284937875934,27.248149425570286,31.012287338749303,0.2555264615691245,0.424246169512367,0.2494293015447005
Austin Hays,669720,29.765184984455438,24.67229954267024,20.32475230253893,35.59316069377542,26.893347904201065,14.926435696909602,47.75963427141503,15.209247240622602,30.67556937405289,0.3528017480838462,0.4196130074084805,0.2806871939138938
Austin Hedges,595978,24.357368405256185,26.943826351779787,6.158996401400376,21.26461996720374,28.684137265358142,6.283211411825833,32.73381044558291,23.083991842803496,20.055626484034843,0.3251102178136515,0.2852274403953121,0.237744003549124
Austin Riley,663586,17.316553916059775,23.32501086069799,20.361759651722235,10.419247892823652,19.881985308729583,15.582141591933976,33.475546094041924,24.850173174227567,25.47739451973861,0.3115758727218711,0.3680562892583243,0.2949352641008082
Austin Wells,669224,35.284974809359554,11.449757566069952,24.53801194581653,25.614195370001152,10.758793688199212,22.97729600095336,36.56787273241561,20.441403363091,29.376939770175323,0.2444875781161146,0.3581371035628949,0.3217318455012812
Ben Rice,700250,43.65101680937323,15.456527312159432,4.5960971432348,43.61735676810752,17.435126307790203,5.290380575095257,50.491588828062,9.71153287110186,20.651337730490024,0.230024769561443,0.4776872951278781,0.2538535586988998
Ben Rortvedt,666163,27.242986595662323,26.07368041684297,22.44628695063615,21.801877883565744,17.0726119844986,18.532568450765787,31.845197275273737,24.108714746623527,30.93936471301304,0.3407476692711049,0.1507622339848382,0.2446293761976308
Ben Williamson,810938,27.888973826977384,26.812131114390763,21.706693816442627,21.65853390085685,22.012272794468178,19.50171735610417,36.84051606625998,18.289627657187488,36.35249028600329,0.2709156442172659,0.2898948660942113,0.2828966687238842
Blake Dunn,694362,28.59954947925401,37.38269242381213,28.815971106722102,23.248009878510373,30.45767916260642,22.416514253317104,44.32251761739614,37.85980793644234,33.16382679603508,0.2800315680913663,0.3553448301671745,0.2946368356363537
Bo Bichette,666182,22.594732646639564,9.96089806848993,18.12738397477,19.3622458885585,11.54125758120388,14.24210169636376,29.55584612629393,12.92509517698602,27.982047736449623,0.4030015745512821,0.3613596092260166,0.2988558963707019
Bo Naylor,666310,26.00335632182495,7.32736708453401,20.770130501664696,17.210873026328112,7.1894124931198125,16.794654945170368,32.69618804400138,16.21055436219443,26.371862566416887,0.2283207876710148,0.297483645110778,0.2222636134623827
Bobby Witt Jr.,677951,13.568625435822272,13.98632821058158,18.56632758029527,14.832383294879502,11.15055659380752,14.649443231145684,27.41708988734498,19.770421008406935,23.6239197424991,0.3175302027073218,0.4371616188869502,0.2888173264699689
Brandon Lockridge,663604,29.980903720156665,13.753894417354507,22.753067944903187,20.00045868010903,10.690598079788732,18.93159024465352,37.65669658139695,24.923600001324917,23.940332780199792,0.2624019295674137,0.2918320667049808,0.3448831074202618
Brandon Lowe,664040,17.269615008246905,26.00858974131277,32.925336399838415,11.450992447453707,26.493086741741436,28.816354195987152,38.57869879250707,30.766580811535487,47.4782711836679,0.0850028155499862,0.3566830672712091,0.2427019554538834
Brandon Marsh,669016,44.912160439472096,24.216160029341385,16.071257739203574,33.962954743414855,22.552552892128208,14.876460664344895,33.500030603025,13.664996773967756,25.87912404564768,0.2512590777421751,0.3092442773318617,0.229715284380056
Brandon Nimmo,607043,34.51582179576666,11.07694662134242,20.983528488757884,21.525152131903585,9.772009254317068,17.89291057181198,33.951042352225784,17.263182874146345,29.01250507401002,0.2467545019153466,0.3321589214052802,0.2590280903098962
Brayan Rocchio,677587,23.49855746624668,16.76949782477141,22.409824866312235,20.49393699656366,15.645104763320749,20.568477328822084,29.610956914772625,17.52439391507574,23.22340403863005,0.2634051463968262,0.1829433958345305,0.218413883725486
Brendan Donovan,680977,14.777942491209988,8.752010276380744,16.030567928108447,13.459054013393448,9.710529500309416,11.232398195358783,17.876451280958207,6.319015322740321,22.12565598442262,0.2814099265417151,0.3575064557188568,0.2667103553839202
Brendan Rodgers,663898,38.639965491433045,35.98242197658401,16.302265058184343,29.00820865968205,28.210884433071467,13.37923335537417,40.973137734029606,30.19072533160201,29.28368235013546,0.2145136124727176,0.3125326095861077,0.2797567080478242
Brent Rooker,667670,37.9155644168936,15.243921804620705,18.219422101101667,30.770535077332926,18.928166325248704,16.76360751601203,51.27618693067125,19.14881276810023,42.89148676780339,0.4236671602837754,0.3822084185148815,0.2689767862799896
Brenton Doyle,686668,34.43237281733493,23.353751766864477,16.105074822804532,25.984980083833985,26.331108998352,14.1038730030192,39.08169395249323,18.446376542025387,28.43416644705817,0.2240219266317028,0.2618248086180524,0.2718475198569717
Brett Baty,683146,30.57906203516205,45.849256907129245,23.44316941097061,23.007422704002032,28.15193499256698,17.434942859532452,39.23541246850767,38.62324817289996,34.634916298342816,0.3142191868008831,0.3091848586268698,0.3597067577768286
Brice Turang,668930,32.5305142446509,16.807575309946582,7.813440643463976,17.951455722241725,10.99818244507062,7.53093269747037,29.96920423300458,12.503435704295438,9.038301270529884,0.2130142457657794,0.3737765847586476,0.3219281584404567
Brooks Baldwin,681460,30.02619575609109,31.656405689763314,4.993517853092181,21.90006521823239,25.39517058633661,5.119494944291519,36.41044733409719,26.45667461827537,17.433864007359613,0.2990148791488488,0.2191991894013204,0.2609742954448225
Brooks Lee,686797,23.90620193099369,10.222345863249554,9.807433640417274,19.551138839880245,12.50597940991991,8.970661018492885,27.99469086263201,15.637307041721986,31.415188729119627,0.3199855854694843,0.3843723088263409,0.1320624014525948
Bryan Reynolds,668804,43.293461014789976,23.876613158756776,3.8177937946916303,27.310852648177764,24.443907433493614,4.292378465376545,39.39542937449762,21.348283443423465,22.7260032217012,0.2066930042120209,0.3432944918000526,0.2924806926235634
Bryce Harper,547180,26.167094727835032,21.24226187057217,16.91969410116738,20.681312577328665,22.383800351507325,18.30065007472728,48.20139554546392,32.916648716364286,31.147547160562095,0.3249853494927297,0.3773172763191255,0.4374529779480691
Bryson Stott,681082,19.44809506604088,13.33132616464822,15.441821826768363,10.190281618403803,8.529619343170578,7.566716221657902,20.42717225289631,13.709593221280452,11.847631146634752,0.3508317796741523,0.3103358107691499,0.1757218259066439
Byron Buxton,621439,42.310812273205855,30.647995452088523,40.71326311103614,32.08618886511799,40.17007364734887,17.890111404729886,52.344005743363255,25.76041237204384,38.53924983315882,0.2712597385289685,0.388852573585439,0.1798538825239716
Cj Abrams,682928,17.40886958718691,12.762562231815304,15.534561429115016,18.226193550913496,20.43700996227944,15.112563538588978,28.80422564523933,17.346481624087836,19.15974530684464,0.2543498732867907,0.3626029861273138,0.2589252262048727
Cal Raleigh,663728,42.74783760891631,23.71365021616105,19.894010373862912,25.61926363192372,25.0251281740138,14.116800456950942,42.46623987947854,20.249719100680057,35.759314343689894,0.363730684376875,0.5125370966490799,0.2474761552727355
Caleb Durbin,702332,15.298118250529246,5.410390935324062,17.383403004969527,13.290796801708211,9.418162130112282,15.292687863138282,22.578115954716427,8.963114847859684,24.90500954393072,0.349055308436576,0.3008567765254979,0.3364019502127133
Cam Smith,701358,55.14244017349311,19.534920648603563,23.051961713529067,35.99257342247667,18.12308470424705,18.216719827727704,40.50713598751442,26.688384244802663,28.785826282095627,0.1414783358595246,0.3495134936072717,0.3612067475678694
Carlos Correa,621043,22.253751159478032,19.000650398354136,15.433686226955404,14.909752980900308,18.95414979417309,14.204519483270907,32.10639122857235,13.86854900574369,21.196781281789217,0.3107155541814875,0.2976010319730141,0.2281200356074471
Carlos Narvaez,665966,32.5460688262046,28.829869487940805,24.374729493677204,21.62574818891515,17.812807599667337,19.8019759302278,34.61984693997059,27.91831992213418,35.79566641489694,0.3387532385149827,0.3933698668211072,0.2776354678997085
Carlos Santana,467793,32.09630574035775,5.924669421080356,28.185348366967396,20.64324442416449,5.985827957365686,27.178008654293333,40.73528035428322,13.512262205830671,34.77559434608545,0.2006914174342662,0.3505340291680575,0.2134042456470268
Carson Kelly,608348,13.004205190303962,10.856142275431536,17.139282082215242,10.283008857174728,8.402188475157725,15.658550790339826,37.14676949559176,15.842008606616362,30.078291996116924,0.4819350638883959,0.4814769369029836,0.2662778370038268
Cavan Biggio,624415,20.671372160103743,11.445461665759897,16.740720132582663,18.255043699214053,12.819754271764651,10.970280911670088,23.700801482063238,10.558374265223954,19.21778015951456,0.2473038170373351,0.3015211033899364,0.2961888097676412
Ceddanne Rafaela,678882,14.350301854432978,13.76614789666464,25.525987067922827,13.140794680991334,14.651128657230768,18.674429724871896,30.15422149131017,22.090571539422022,27.40544790578005,0.3413372278079844,0.2441154778141971,0.243920763484768
Cedric Mullins,656775,17.51552673804784,20.436383923036814,29.11240464321111,10.624642350556082,17.758102176499463,17.769330161200447,22.49626836452913,19.025592016197205,29.007380607327278,0.4257927057314245,0.3640721807769785,0.3625568875466046
Chandler Simpson,802415,12.550864803642575,0.0,18.45377410230168,13.360682587935688,0.0,16.078364271888997,18.99085384753702,1.3391686242184084,23.62749719826135,0.3243400322833922,0.367869868967601,0.3403020042015446
Chase Meidroth,805367,20.61718472684644,2.762953124481548,14.955921588527074,13.634996654696748,2.5291524535208474,12.455848300722009,25.910523145382488,3.668555825571064,24.7583792266289,0.2685861455547938,0.4910790266310422,0.2659352630165967
Christian Koss,683766,35.58242840709175,20.822938556053803,30.254736450723016,23.09623777432684,19.838908246820733,20.60534666721793,36.28669543202056,25.74058478486,31.67020967127061,0.2648692483897924,0.3076521897090026,0.2658750108509329
Christian Vazquez,543877,36.58247522575735,23.81938690800935,25.17266115340746,27.280346793100318,24.855905882087416,16.13053111574233,40.49795962390911,25.4860807718706,32.83096303509845,0.2427099724066156,0.3174910344095927,0.2694422780043885
Christian Walker,572233,30.91989718394237,23.65330238756793,11.611284243464809,20.917768803829468,20.268535293351064,10.204694611253744,39.43231654735968,22.16098347271339,20.002781401537963,0.2188971833273978,0.3407368854357097,0.3297990655697509
Christian Yelich,592885,45.49140556870114,16.768940019287008,17.941660478602838,27.618325827814814,14.25475772031666,14.665386538229956,37.50820590203148,25.963722282689933,25.868098796559423,0.2466691478321601,0.2983604034364709,0.3775698252315946
Christopher Morel,666624,48.6545101429798,38.21942440860494,24.83016923257091,32.53716985253771,38.21819580025921,19.87459784570615,51.06196792120887,34.0027462048919,39.91499465501072,0.1107257966471881,0.2560259236803235,0.3092871386381659
Cody Bellinger,641355,25.535442205178505,16.40850213374509,20.282335124542374,19.807085377915563,17.124018959888314,13.850220821142765,31.60836057078084,19.224255509979404,19.65276564269177,0.1453892104702549,0.4002061677292175,0.4088534251404433
Colt Keith,690993,10.821395921114627,28.342997796830897,17.558529920452642,7.222114888680696,27.8368595746066,18.665143238447367,20.398650983439296,15.16873612987537,24.26940314576427,0.5540234333536881,0.3808097234396639,0.2990459799118592
Connor Norby,681393,32.29909678416308,30.33381934226909,22.744266969424945,20.219685261600997,27.858574421262485,20.50727627366255,35.894601404121,25.572757910638952,35.17845969929526,0.2180092428787942,0.3394087819139871,0.2680322483316334
Corbin Carroll,682998,25.775483029476472,24.86844855524829,18.54941742729088,22.12962210774497,26.07854354344884,14.640547245526887,27.984827800504878,23.014566238924484,28.299820030027643,0.3429556238626991,0.4959563621389191,0.3715116248413205
Corey Seager,608369,28.405941123546626,14.172465136491878,6.877875240539793,20.08963011748996,13.100672979006866,8.032714421300312,37.354268167020535,21.632031204007824,21.98742558798456,0.4769618183128012,0.4149952242731845,0.3780962563118462
Curtis Mead,678554,30.46099353002213,24.68414541995947,27.251670340392256,21.104249218110425,17.054552810759848,23.9037914404213,34.654562669200786,20.037204766566404,33.49548229090741,0.2624197987405974,0.2252813772974377,0.2097274760687166
Dane Myers,667472,24.600349954563303,28.737975045378008,22.776784638463752,17.890183378986233,27.447292383154608,22.11179986406996,32.07378618227749,30.91039901330625,34.22085086339686,0.2557271630865053,0.3986077032842898,0.3180428323585094
Daniel Schneemann,682177,32.43298565841372,25.715260173017903,18.44846098135961,20.637708941213905,23.51150319445275,14.983717619225969,30.95662369697108,26.95860281386643,25.75532931049276,0.3016019226567613,0.47043636017495,0.3098518586666482
Danny Jansen,643376,33.328744947370105,18.05071899957302,20.19331979176396,34.514829977318094,19.99096839437965,20.190082838718865,22.24407536410791,14.024730851163362,21.741495289828404,0.3459976751755699,0.283714763348423,0.2758374162884121
Dansby Swanson,621020,33.73564830111034,22.27061820879842,34.84849098175425,20.163244650990976,32.67432648430235,25.765427384016977,39.866377740848336,25.230539699032185,31.52030389469893,0.2564149107139045,0.3858549957126575,0.1930692563317876
Daulton Varsho,662139,39.48669983699557,38.67245498722666,25.833540286722872,25.21852681277907,37.57762665986217,20.47934494337868,36.37289479563808,24.761224033789045,26.11819150980343,0.3217403091716331,0.3152281370209207,0.3546827560618412
Derek Hill,656537,34.72725043711348,36.82682050888151,17.247715133250534,21.96037990980718,29.298901989539928,17.58279621023878,40.57872369019845,30.954318980442277,31.388117894438928,0.309573407253867,0.2371700661854482,0.2985140565448816
Dillon Dingler,693307,14.090091349497545,24.291752478962675,21.33351727889428,11.612861918071768,20.53546509089615,16.312738043520483,25.628503741274223,19.24334664719449,25.525074564277823,0.4383393548540526,0.4225602351343383,0.2927949409843284
Donovan Solano,456781,18.01552899324934,33.60608183391879,17.17228887281713,10.8277638374575,24.79902155840847,15.994198284082264,25.192407605321645,27.822238817097343,30.58271715698524,0.3875863951693621,0.189750681311901,0.1896539455186807
Drake Baldwin,686948,18.7787720373408,7.158894725989657,18.50289873688201,14.004813900797636,9.953760739988583,14.656526355833662,32.7779835233631,14.96460686148794,21.44589483406656,0.3846989694513347,0.5017075315465064,0.2902811883334945
Drew Waters,671221,23.77307073898886,25.481905798392617,32.09579115864363,16.69139859544335,25.50240698364353,31.64444844710976,29.50858339972702,32.53172707087037,43.64375733920242,0.2603981117423518,0.4659370984695971,0.1957811513233976
Dylan Crews,686611,37.73041332276981,19.51098250718895,13.025713389217266,32.584296177221844,24.49801616712005,10.29138620190426,37.13163257857916,23.014296611312616,23.895464114234503,0.1239698794055803,0.362226312497007,0.305332646284275
Dylan Moore,664238,40.92132868943171,23.998922468159133,23.885163089408305,24.803897482716984,24.480658400600124,21.250052359212464,28.19152286765138,24.521658110254386,34.82350275470781,0.2573231682552983,0.4627105102476646,0.2831701807200826
Edgar Quero,700337,22.31506549813786,10.368249253694028,17.974049911352434,16.542694621105568,8.819202826021764,15.063032851561845,28.06375927108308,13.432057180544623,27.98796143463479,0.3233302484035468,0.4001286584241053,0.2311181423436416
Edouard Julien,666397,28.4173496946711,30.757335866585773,15.90376731947675,20.108578533839854,20.33808390690029,11.953804855790043,31.9275516446847,12.467126431155156,34.99821610762853,0.3361243652939567,0.2575063784402085,0.0891408133116694
Eli White,642201,21.014661500527165,16.92893908159507,18.895012694254323,23.561262896822196,16.62570473916509,15.040047654613192,25.438765346909666,15.840282034486812,27.256748175151795,0.3688632180739307,0.4796373838345515,0.312185689388701
Elias Diaz,553869,26.865801850368925,23.760642011026192,27.17207601797761,19.48002773180216,22.3723842673474,23.46761178046193,38.17083714808265,30.99940045431521,38.97676292442623,0.2888631031797541,0.3598357817920227,0.2678183682858066
Elly De La Cruz,682829,32.171597647196144,24.172132724298,26.578462285740304,24.313060749569395,21.9459401248889,23.969703446989023,30.930924866773005,26.79781527491601,40.28615777980767,0.4015260470934981,0.3680471600123547,0.2470353999504772
Emmanuel Rivera,656896,28.65254590191227,6.425629767354938,21.44710035372123,19.570770283911397,4.3940852642661605,17.148229638575284,33.58836915672713,19.182934685213223,26.94448556006483,0.2094158624002772,0.3450710013590798,0.2525283132292382
Enmanuel Valdez,665839,26.95657552899236,17.47732329800012,27.692647257909965,17.999429434734335,14.435075454002456,21.252075178105752,33.385187845353165,21.610833583605388,35.067740932955445,0.3274390915214591,0.3429990714607711,0.3138776659734771
Enrique Hernandez,571771,20.91770030099015,23.44934166634127,19.959640434761592,14.629258865042596,22.13028441289528,15.38990674220127,31.296042830869585,29.32571346145004,27.37716333034851,0.2669603955498558,0.3999747862327922,0.2714911653410474
Eric Wagaman,676572,23.893715714693315,12.380000221257784,21.667541021152235,25.017352052232507,19.996692874056585,18.87910166072095,44.35282641240004,9.692669813186628,27.41001247204928,0.4829578790314238,0.3487421862686232,0.314256146666421
Ernie Clement,676391,20.152125137539564,6.771466972914729,15.830761780225655,35.5151155177099,6.660805055070325,12.800050006677065,23.200183099678732,6.060750524490813,24.845855843013684,0.2171074511860556,0.248603852897688,0.3414988387509176
Eugenio Suarez,553993,32.82104101571892,17.707460607080318,25.27558867710297,23.007618814907893,14.252148284918505,17.5528882484186,46.98784514597355,18.23143336552846,40.14750004581629,0.329403322118533,0.3702544447473369,0.247861417159059
Ezequiel Tovar,678662,32.69444710846943,23.123587072991462,17.871667141895177,28.97458367694287,23.62741715046805,15.061324737523444,38.95392867227489,25.818432856793404,29.500113932621684,0.3365802994749041,0.3047802931026632,0.2690001572292016
Fernando Tatis Jr.,665487,22.80504038812687,13.56788072630994,25.00457809383816,21.494358943867493,17.891987725668738,19.562123782743512,30.23028679407685,18.119638321549143,49.38312537381484,0.4818038926485908,0.4445250801305843,0.1588678815421129
Francisco Alvarez,682626,23.59854547188384,58.86201157413432,23.37202070299846,18.936711240889128,37.13921203358012,19.430369888199056,32.85530288643592,49.84033078208742,34.20853370864982,0.2165475026639218,0.1913235188129072,0.3922569373041545
Francisco Lindor,596019,25.22460587672008,9.63898996804306,11.917978819265386,17.80058194443866,12.070648719747917,8.710773503879318,27.35210016774755,12.937160542914397,16.293308384091368,0.2499046757732677,0.3678284227999667,0.1596569991199811
Freddie Freeman,518692,24.64187294041301,15.883242169678542,18.3814984828391,30.70944362271468,17.19168654372135,18.760865296887484,39.995575236882736,23.0614172056136,30.924208203010934,0.5902726790887916,0.4236104117886337,0.288883223807623
Freddy Fermin,666023,23.354223975103302,17.420853132395198,25.06216602792037,17.320785506203173,9.613752881167429,19.46027760414075,24.18381225104089,21.292837212982533,23.84822447767883,0.2496124990193275,0.2284309895187803,0.2426902821845488
Gabriel Arias,672356,24.412826358087887,20.6279484323926,21.829113315545683,17.706781685452896,19.03033446611782,17.677432564796373,42.40466982830704,33.11523044990798,30.30433626585052,0.2432768570787458,0.3615678990279642,0.2901324460167525
Gabriel Moreno,672515,24.42783086219668,18.615477451449436,21.422540077865524,16.05666585974265,20.23429987905774,17.15937339661319,18.61780986529405,16.435618021374378,27.905621925663414,0.3101986013523083,0.3159930784812597,0.3468531450248664
Garrett Mitchell,669003,29.55468972748094,29.56573584947247,18.733079323019798,19.245457520065443,24.50401962671104,16.98616835856836,38.87970417105476,26.377890817187517,31.191724593309264,0.2415282054659146,0.2555777377155406,0.195706390826805
Gavin Lux,666158,38.592794184798485,24.061124846564876,15.582290132611194,23.42101405912349,23.32129755659584,10.3760459170647,39.47424274472276,15.373069035158473,17.3220549319849,0.1678781156064051,0.3939492487290214,0.3668988395528862
Gavin Sheets,657757,38.49958094844985,24.11127670443864,24.14121349729697,22.80936025549398,30.80892665345292,21.380594010234542,36.544533731857285,21.143363187942537,43.122215609088094,0.2127028294232006,0.4783850028266599,0.2397786333577853
George Springer,543807,41.399101148020605,15.103665573242804,51.11605314907767,30.633608435692288,12.608500720109994,27.637856950940137,49.14461581407628,23.00175868359049,37.79977126889913,0.2174419446970224,0.4521793710577914,0.234820789967231
Geraldo Perdomo,672695,7.071514288476905,12.127439666592858,18.531831868363064,6.677077669659612,15.629000906776415,13.625691720451483,11.4600387806607,6.795863256155887,27.671402833539965,0.3997250533197952,0.3953246616006071,0.3599308500860826
Gio Urshela,570482,18.139265175311277,14.153095897575527,20.26401645210008,12.47323570831034,10.361836246283762,16.42309344319477,21.0576381657116,20.156810158816743,25.717994906843884,0.3136415474005731,0.3838403795223958,0.26980942833768
Gleyber Torres,650402,7.9251128120482095,7.828381324185353,24.975433645960884,5.99201717605433,10.133399264603788,16.92748745266758,14.772788644165274,15.797185536765108,24.80431037398393,0.2100247283690346,0.4231086918247577,0.236414060130566
Graham Pauley,688363,23.70907114245004,27.511257222098056,29.03033782053204,19.31630428724672,23.0394952723303,20.076963815293333,37.66431301620839,33.52789663792601,33.83108054044958,0.3239612822911971,0.2453464046002421,0.2116432131563244
Griffin Conine,665052,28.77038497001981,25.051199214404868,19.61251538603769,16.454124482626856,22.89390174376254,18.051549481738338,36.42263853006662,35.78821440842904,31.80787164375812,0.3271281485017087,0.4427710321225212,0.3046532667637281
Gunnar Henderson,683002,23.605419971996994,16.97826113887851,36.3297091631077,15.62517058067157,17.719884005371348,27.75978754412384,19.86621449262146,17.432051615994336,44.696043405801184,0.2792571595326291,0.3465480176510497,0.4311006223457921
Harrison Bader,664056,29.120432109917516,12.563579743350733,19.380798696500587,22.414160725999096,13.529463384488604,16.529217858934434,37.25875338017224,12.93927663733227,27.54385435228006,0.3872022374476865,0.4071360746551939,0.3251952898268649
Heliot Ramos,671218,26.01566375326209,21.835771570457226,16.976160029904452,24.91551182387052,16.85120379990118,14.46705107090252,29.802879487837416,16.270850115652294,31.079013091276003,0.2563544047698908,0.4235394575705443,0.281747181987198
Heston Kjerstad,677008,28.693235563836183,18.406267187126456,21.277887263149072,21.292682174389263,19.999135899096384,17.279845309121754,31.29709851851497,18.219661238566704,30.019156582968574,0.3134865549148107,0.3344823665007846,0.3496848437161879
Hunter Goodman,696100,24.883393295691167,11.031945540432243,17.019422145777003,19.302832401203972,8.365712193919919,14.401921326050235,38.72800809071662,22.16321880567551,32.75527143520745,0.461017216730864,0.4306195155424713,0.2674178704395061
Hunter Renfroe,592669,28.11464778090727,25.91595891070367,22.984651762349102,24.558591157077416,23.221121415857148,18.63981596391413,37.13029090163313,18.75637471022804,35.00288654444569,0.2880927294788556,0.2348181955053598,0.1827509900066111
Ian Happ,664023,32.24825517056129,19.648664837633856,16.73508966801692,22.22547964519254,17.819370721662374,15.67404754450334,35.26035780609407,16.24499401690505,36.794541483794056,0.2815006720354863,0.3536984712948772,0.190461250922057
Isaac Collins,686555,39.130545649692586,38.139046288636216,23.541574738549865,25.94304974933104,32.31406076887176,19.84370961485792,39.877982252345554,43.03137223606753,36.12693487274261,0.2607895113226712,0.2290684453250139,0.3711280952823048
Isaac Paredes,670623,12.32981847720249,14.596986687199555,27.46151008971124,8.32039778179374,15.688230354424642,17.351366480781223,21.315336194700777,7.549847041646377,33.94545981890096,0.2340724712553931,0.4069284218075045,0.4150381467688824
Isiah Kiner-Falefa,643396,14.25906002411158,13.221010987756308,19.894826892254414,12.449856673962534,18.090543568240925,15.3014448526668,17.676066049796194,11.626693682289696,28.607537951719102,0.3178077503287856,0.375455083782054,0.3304797654339431
Ivan Herrera,671056,27.36516123157982,15.710224742705709,12.25363929319735,18.65172225108717,11.084479537472289,10.903638045331611,33.73848123264974,7.998139929829793,24.217310034720832,0.2888569177577025,0.5394225119210339,0.2485534992180078
J.P. Crawford,641487,20.347615845474447,25.386945704738835,18.765158758905216,19.39095359127805,20.55985819268026,15.94284687571746,22.21192186972825,18.98085846131984,24.42859518860145,0.3525173335441715,0.32808269134588,0.3492168119151601
J.T. Realmuto,592663,27.591640571301124,13.739835793015288,12.485549351008528,16.038360802236348,17.975853313314037,10.257183853451842,26.92047200429961,15.158241572000838,24.995638126932008,0.2819657358000911,0.412545711855082,0.2557843919725639
Jj Bleday,668709,36.20389382116902,13.874395028193922,35.97358317213676,33.97145642870706,17.244437882976154,29.682760044692444,35.460824554072005,9.258884254044464,49.60334527078652,0.3556611139784826,0.3515473797059246,0.1099611107515079
Jace Jung,690291,27.434416678919334,22.63330748602922,24.53693905946971,20.31086707477104,20.730748964315588,23.67569110786444,36.3284598854985,19.68575641604536,30.66752121358224,0.2834905299634464,0.2386142133072849,0.1467610639142065
Jackson Chourio,694192,30.720514185523943,18.78254322846865,23.73527725958093,26.700901374545207,18.745580621111387,19.34228016863397,38.60957520870712,16.260833019598298,27.28247415323335,0.32969856897193,0.3173054029999289,0.2865379863657178
Jackson Holliday,702616,24.327016461861085,13.435790164678355,21.354693331374893,20.34967810551745,14.262551677180388,16.481920312852655,30.911715608122783,11.194083450791592,28.79203753076202,0.2868923387649594,0.4353974030936702,0.4155989499113541
Jackson Merrill,701538,21.183967705308437,19.140360231880347,15.589248262665208,18.11522097073405,24.21378873151822,15.77332149893785,23.79846960975226,15.257296066415895,23.056995715131382,0.3427755196612633,0.3647235298698334,0.2810666458263638
Jacob Amaya,676070,30.158939506096324,31.05240300536023,22.568834631500597,20.75057926580085,31.848451203191,21.881083679222574,38.0998589230681,19.298513619905773,37.29519527480371,0.3959841459350848,0.0641105378989946,0.249179828100581
Jacob Stallings,607732,30.741303190997503,37.17952541651473,22.193223276508498,23.192059243448856,29.72696181185678,22.06490515272896,38.9567130735114,35.804981806183434,33.1140407106697,0.3282057279664881,0.3045276886983328,0.3399000878458105
Jacob Wilson,805779,8.363011534185942,5.534133342162388,12.982963442717264,12.90490120856447,7.220536863892842,9.692082737623716,16.465307749460298,5.747813939517987,20.33759983249519,0.4320223539996807,0.4080051351603122,0.2522625925667765
Jacob Young,696285,21.45505297933874,8.267861507659722,13.498111558716849,13.227984080507802,10.285750291269393,10.869459068502929,25.74374051090186,7.082182517422123,19.32927940554487,0.1269379693799338,0.3467922180792951,0.2496101075629786
Jake Bauers,641343,38.26546387270196,31.884864354578166,32.07719833667372,28.13763757817588,43.8661285168405,24.520800547971085,46.30155537062343,31.133906893804376,39.83976343655951,0.2753571308846968,0.3093472940889417,0.2833476902914527
Jake Burger,669394,38.42531655724115,24.019346920003223,33.680942103937255,26.589649281996177,24.89988485134303,30.304071607609625,44.859161322764784,18.38403922370356,42.70673104730284,0.2875920529073283,0.2618757135784663,0.2155763470722808
Jake Cronenworth,630105,28.49866194172609,15.85922237434806,19.14626921509106,23.462002336679053,15.957030929139757,15.655944269877828,31.908379015914647,11.697566948607854,28.51997437887216,0.3249989688026888,0.4326614318529265,0.4122806149174088
Jake Fraley,641584,22.16083855990947,10.16710715960477,18.675705283459024,20.013984285526703,11.823687325671017,12.938610875594664,23.38531587163127,9.610834999303096,21.66126737563873,0.2849763138456166,0.3074088287621815,0.3675980414625583
Jake Mangum,663968,15.45011999764544,11.651862295757397,18.80029264920301,12.692451558541991,7.37115901221015,15.139778017513628,26.79769528422077,13.85520757473457,20.97197024568437,0.3424002725379509,0.4268905670790748,0.2692062758997016
Jake Mccarthy,664983,19.523247943824387,6.20446299684875,18.110329363507624,20.790264596576,5.236381686589673,15.291554493181817,27.527311739116463,13.580070825370068,21.9690331702843,0.3490562137850364,0.1505474190142221,0.253815444680027
Jake Meyers,676694,22.394239665792085,12.57860921060356,26.13832071208145,19.89487074253397,19.64293230149205,21.080805873258043,34.31965325664164,12.650307847200557,30.208855293594382,0.3874106807920303,0.3118508928657844,0.3116467774742135
James Wood,695578,38.75953508077571,22.183080916919348,24.724070526706942,22.334660640115597,21.791676618357226,16.51979212514375,45.98630341953166,18.59312983886556,24.160401739348742,0.4044550799264098,0.4557573852690241,0.3299075583476272
Jared Triolo,669707,30.748633275440486,18.007951396412146,9.95134925112566,18.850873910454204,21.4903182599866,10.186070409781268,40.66243318398293,18.011404645082894,21.71243907670685,0.2850945519802915,0.2830658743464422,0.3082418127191639
Jarred Kelenic,672284,35.224161243015594,32.02473903872682,26.813483094080027,24.730104082742766,30.72475095459979,23.512831670868632,38.59302358098217,44.68783507262316,39.250929740304976,0.2980849812465889,0.1728741300401217,0.2700418420943388
Jarren Duran,680776,29.49942916359809,16.363880686570955,19.066347778630345,29.584660647910983,19.132295738825725,25.380040219198968,28.35281435475293,20.349202086079725,26.153292358119973,0.2640111936657468,0.3360170961909882,0.2730936520624252
Jason Heyward,518792,14.44040328086952,8.813875294665598,16.40186588921571,11.536461000783104,11.951968694340954,12.269456605307798,17.37110593161517,9.443778886450987,20.540976036565294,0.3202403445646663,0.2595390834094632,0.3087627881263449
Jasson Dominguez,691176,47.92099923130133,26.94087144092827,16.51858867775785,35.90600286761705,17.943194814282624,13.591042225434014,44.45547734929603,25.63033705658364,30.01246885841661,0.323343442058623,0.4012643369458273,0.2996600519149398
Javier Baez,595879,21.79533084554817,19.94859073169602,15.359945036080548,19.610134618695024,20.96529688418467,13.216578490022997,35.961937508933524,20.867640076313062,19.9949397105127,0.3326365916988766,0.2851819692821358,0.3249149840800663
Javier Sanoja,691594,26.14957029556247,13.198408092947806,31.792785256918656,22.525859667245896,17.711083727482208,21.40941247684951,32.35884926555493,10.427428273689545,37.8842073118303,0.3638490064486139,0.3476003628660361,0.3078148518519111
Jazz Chisholm Jr.,665862,38.30921474213268,23.931949928588143,33.8809191951052,25.97414493806038,21.040490057230045,22.250565982658628,47.75185290866217,28.01929991802913,35.50551557197832,0.2586647045051552,0.3280762132889441,0.3202367115103443
Jeff Mcneil,643446,26.72114893708647,12.097668609553748,13.721973229752956,18.195421996319823,11.594158632265035,11.641651512667543,28.37727507181737,6.151550009623652,22.491068167908946,0.2775079669244263,0.4498906424124103,0.3054597160332135
Jeimer Candelario,600869,47.52719497241526,18.63996042652164,32.92028285832887,25.999404301569577,13.94596360731053,20.140581397071404,46.010003153798685,17.32465740734865,37.3121999688012,0.2680199666770324,0.422492173757287,0.3313326510427533
Jeremy Pena,665161,13.624068446438766,10.654685284712205,18.022426809924443,14.02832940674055,14.220062116503057,17.13684668804389,28.100717640071025,8.541592291738453,26.94256340721506,0.3129843696089195,0.4801018544021864,0.3512929485764522
Jesse Winker,608385,24.54052706510784,18.6586338478648,21.024977527067964,13.779867705401957,16.2784543014107,16.097945559043115,24.60434491464528,23.23431045000295,26.149677925483186,0.3900267471889195,0.3478905369893991,0.3809654417400242
Jesus Sanchez,660821,30.11798096248273,14.247465482760523,30.384971452294952,22.309851798945196,9.132061506457996,22.470191786626646,35.22342455954556,31.05267848792364,28.22045813516471,0.2496707277813484,0.2231001776107711,0.2752707748797931
Jhonkensy Noel,678877,26.867822037157005,31.382510792430956,20.45678210830812,19.239828516181216,26.144772153609654,19.43646701349685,35.681157148245475,22.371405780121044,32.84547156521931,0.2518914962005774,0.2435288340984191,0.178519513615108
Jo Adell,666176,25.228496760166824,20.189447007212483,22.161539434510857,15.895612687493992,21.66603008419161,20.658730664875478,33.33872484940714,20.206006004929154,28.28326544586151,0.5584482723415788,0.1725518668774034,0.2006173946459001
Joc Pederson,592626,16.969235929209745,17.089656536352734,25.72035786206618,15.115489409554096,19.58525526164329,25.97760121089909,26.956700666328185,16.210990523563186,28.761153328094704,0.2501410661215381,0.2559354444019434,0.0616231292286896
Joey Bart,663698,29.643989764735498,22.75274293685524,22.319224592859182,29.372018869831,30.306373847229644,16.00506342573986,39.08875784695396,24.271367077378088,32.61985579469256,0.1273196985630947,0.3972845519140796,0.2943331021863141
Joey Ortiz,687401,15.649160454323184,17.935377668372837,27.698055290955,14.90887645197596,18.35587828608997,24.121783172139136,18.7724821962737,14.484692124046736,28.96448093495136,0.2462146417994121,0.2646570898535133,0.2599716215024192
Johan Rojas,679032,30.432078718357538,39.8044870065969,24.924985173824457,21.991836383030524,23.954999129251306,17.28023216342213,37.94917191164337,23.057135145453888,30.5073604855121,0.3038405104203457,0.3624342409528854,0.3070920333413471
Jon Berti,542932,25.279560239646223,21.847583839361384,30.801721970885552,19.35947341715696,21.95587982265409,21.094624529579075,38.78180021995071,31.86161366877643,36.61474295300586,0.2857485227126679,0.3326814130071668,0.2492917362349745
Jonah Bride,681146,50.73995748894616,17.986833241866005,20.840475874093848,28.667469029435384,22.31935312265913,16.49508633192246,49.509158990350656,10.036849410448216,28.824523976328543,0.0734343810331597,0.3064244441639148,0.2845290500350137
Jonah Heim,641680,26.253812579042,21.426729522775908,27.56887337995229,18.503636368213463,17.277490976889503,20.560950623089337,30.43015723051299,23.75233864268905,27.28365316797588,0.3215002359865146,0.2716431802126147,0.2822208455398602
Jonathan Aranda,666018,40.03264328282592,24.34037725777829,22.27491664445873,25.17291595283407,16.62480112786843,17.88484363202665,27.735544711197456,23.550580722836763,25.576946159603917,0.4232792846917301,0.3858418724782858,0.3342802896921151
Jonathan India,663697,16.17778284838049,11.209434882040563,25.017445923045948,9.734378691662451,13.697983111225236,22.2210018823618,22.707708886520887,15.63487524218434,34.31470428652408,0.2071791531192855,0.2660656176218854,0.240011648143298
Jordan Beck,687597,24.967792400361542,28.36820558702828,21.448317185890943,16.607579637810417,25.036501585851894,18.74222178788102,34.25194198475611,21.42705339944601,32.867917701426066,0.3441268210721732,0.4434080329132467,0.2532526871264297
Jordan Walker,691023,36.33589302392602,26.523759448121016,12.028303341620331,23.2339272145939,24.81070975423124,9.7325253100243,45.55462811987736,24.959422926364358,21.989360596050847,0.1616589614782496,0.3398638011327397,0.3044351373129441
Jordan Westburg,676059,22.95353456341805,19.991052094399755,23.20035880685701,21.22249439145598,20.624623875606485,20.171443827960776,35.45869593818144,17.71026290952111,21.76514853222924,0.3476376784355025,0.2537411790637418,0.2840082607102679
Jorge Polanco,593871,34.28892777321128,5.650401832198104,9.788909127014842,26.260349481856878,7.678986706417752,9.003578199559112,30.564156810347026,5.652719651109343,39.25499294944564,0.301520239672962,0.2541527009253802,0.3939455254856517
Jorge Soler,624585,21.184945580045703,32.49128801872359,19.092633073678236,19.96100347544325,30.9135515629371,17.784156053356043,33.09693560571308,23.267221155012045,29.97461937362825,0.3889910363409752,0.364962908717008,0.2811545288284968
Jose Altuve,514888,10.808794966197294,16.98496510985692,20.93134203023453,15.333538450308314,17.385789045983564,18.594988684678903,18.47376000223417,15.01705052673829,26.434528121255813,0.3042652900845986,0.3048001220449421,0.3481381038889126
Jose Herrera,645444,17.207801006386642,8.68122070826228,18.57961634748201,13.567063465893067,6.79626834487401,13.837150448320235,26.457580989881965,9.0161546875613,21.916588171587662,0.2697120378866736,0.350287527370101,0.2624155603743726
Jose Iglesias,578428,21.074719141532068,8.028645097014515,20.925032932589566,17.324388723901105,5.504865303199316,16.383695465511238,32.32321143367184,13.070648754437054,24.4248627559697,0.2239141934853474,0.3063250645755813,0.309351103738985
Jose Trevino,624431,20.878605327162457,14.738430884834678,29.12689437342157,18.8671290588794,13.90344907964334,19.310644463082436,25.46028341140574,11.155445035449816,32.50983463512479,0.3129865050738208,0.3378475906808911,0.3089332544710139
Josh Bell,605137,17.638856601533178,19.489089646872436,48.478860738175534,14.185483210686284,19.0931285604525,26.096236570416718,32.854919404080256,26.68634258344463,44.99351790601934,0.288679561673438,0.2886804742582232,0.1296039657605016
Josh Jung,673962,15.319480581338649,16.932028294457872,20.090818188181945,17.994061656301767,27.20760673581444,18.9677140161446,25.609074650783704,17.22391467179566,27.884064609430325,0.270487791253561,0.3768199055421452,0.3008250158861568
Josh Naylor,647304,19.21013392435349,12.956815908992844,19.360917238124312,20.863343679442018,19.579403049571138,21.294772158403536,28.291813088868278,10.396847770855684,31.213191076590583,0.3196609398893506,0.4251463884784729,0.3366907638494636
Josh Smith,669701,27.37741884588701,15.11127565375059,18.75014125122648,21.4997826922344,18.43177637677128,16.237859225484684,26.00461099446005,14.807989571766823,26.38415844600754,0.3293240799254361,0.4099590585352788,0.2790789246203315
Joshua Palacios,641943,32.20891763757451,17.06742029699826,24.74455601042842,25.51415358676687,15.70466601980384,19.393106307553044,37.79663114771333,22.119725601039544,34.25476901882872,0.2808334039232638,0.3961041358837826,0.2877304527947912
Jose Caballero,676609,22.51433686355836,41.48032799826974,18.800470528737275,13.320284931965512,29.97292847154845,13.246344101041451,23.289015596242493,29.03343623112379,31.57920311036515,0.406138288198563,0.280417430740763,0.3272618640452943
Jose Ramirez,608070,2.4185440061900816,6.226031834890828,11.051230746236492,2.224554952142214,6.51086928312399,8.554682881035564,13.550338595895806,11.411132360831408,20.64736034257893,0.3475927257617505,0.5146557902618165,0.2386780084152371
Jose Tena,677588,38.42065017275389,21.281069156774404,27.400876862853316,27.212686386991187,15.299581479824734,17.809144368285178,39.124835280272144,18.67508102297769,35.19026370350058,0.2599831840693096,0.4476418516690272,0.3425821416336524
Juan Soto,665742,19.262869272849557,9.850040725578658,29.556411136496564,13.024638439152106,9.037535626650644,26.15557097336808,23.18034640588681,16.784082756503057,24.129218308553217,0.3106503426177524,0.464558734758661,0.335416194166083
Julio Rodriguez,677594,16.64168758639789,17.890356343738354,29.037486231384044,29.91126388947725,20.369301905665264,17.67627341688733,27.502659226423603,23.273280650874945,39.08428839109028,0.2567385591524412,0.4017301084965156,0.1729778726044637
Jung Hoo Lee,808982,10.847186396975273,7.764440196381251,9.92334241666014,6.990615903372169,7.61556144552909,9.712922972782025,14.858518263920953,9.70329175821746,19.79878641626744,0.365366185059103,0.3823751273099079,0.3556421563164413
Junior Caminero,691406,32.71746997555376,19.516632744805968,21.17060535536283,23.193258675724262,20.83939001880243,17.464473112147168,23.589689483662116,21.088939028669405,24.73931785145026,0.4171792708983741,0.3197503505625081,0.3151418761036019
Justin Turner,457759,26.306987473150254,31.10283102421824,29.457891388603063,15.819020122455637,13.1650935913108,22.766461917275866,26.29805919449308,15.235899785044635,38.47378759180886,0.3192407157816685,0.216272659613605,0.2414753989541414
Justyn-Henry Malloy,669234,44.56928514172439,22.516733242154835,17.066149855387142,25.60277270504237,29.8810395067592,14.163596762638395,37.12955377766527,17.246017149496275,25.83186036137892,0.252765425119463,0.3325374195518514,0.2862702491839632
Kameron Misner,670224,44.871163228589126,25.125189845013683,35.92457140078535,22.24379679376805,21.64413496305029,17.620388016860623,44.99176116932581,21.967008038211752,42.30354243317832,0.4242176567536043,0.3707136060157069,0.2015334496188667
Ke'Bryan Hayes,663647,22.00476526584117,16.402402981324467,27.67317112281336,21.824576931460754,18.867481697072595,22.111037956954966,38.11141587839391,11.956965944692342,27.47002125821237,0.3326873264110767,0.2348718512838702,0.2780601904123718
Keibert Ruiz,660688,25.353297795569883,4.354762897157115,15.979876498892573,26.577571706298883,7.1945378606653385,13.48543997303301,31.05883991116126,1.273927620109074,27.436262864798564,0.2320989612752294,0.3375699020150721,0.3593389540359972
Kerry Carpenter,681481,22.283911647260965,10.137574873785836,15.241621263109211,18.05769575849312,10.239809104293055,17.25116292348858,36.14691643115415,16.587093854442443,13.097953805350834,0.4232961902496607,0.4613081881321165,0.2755889327941739
Ketel Marte,606466,20.519861555893684,14.169096964945508,14.343910676795357,18.52202370822275,16.754322222649403,14.083405399653426,29.766678080620785,12.805281550317977,20.33780097829588,0.3219297307330276,0.5237172224959857,0.3186103246600719
Kody Clemens,665019,38.339987013977,35.401624587969216,23.023740378676514,27.200486537750283,31.32608980027945,19.991434404965432,39.019416030274144,37.70769319535712,34.597132404611315,0.2677975490771868,0.233809795889779,0.3487133233332335
Kristian Campbell,692225,32.05453533713422,21.2197451439338,36.28674169031954,22.822337240056694,20.07179099769041,20.45412678304105,41.61427921075741,17.132806768329708,48.98997631734312,0.1811907518474894,0.4010264277010397,0.2821619375457347
Kyle Farmer,571657,23.7808813297811,11.07415807625748,13.97671869581091,24.889525756602755,13.260711665655853,9.995497518490376,23.88381764464161,12.75330430939935,22.608893289793617,0.1944149166029435,0.3421044695883419,0.3097050977536918
Kyle Higashioka,543309,18.189961209545505,10.72979634934255,22.67432782049698,13.755871449019642,11.518794855014765,16.0623266612242,20.517649022362875,4.397769776824334,28.79074944024521,0.2702356126882578,0.3192526407393436,0.3731644553093595
Kyle Isbel,664728,23.05416893691518,14.684806986235904,37.05539420855406,16.927807726566826,16.20979956773015,22.59706376450222,27.955165378641382,15.455659247550422,41.496753633802506,0.2899017074598045,0.3489072181355767,0.3258963014266851
Kyle Manzardo,700932,37.03929231418061,25.40837948162779,16.608725150586494,16.91488804218121,28.80846250432533,12.94199129629724,25.725232802798764,25.772750919182258,23.215863443835328,0.1746881493823087,0.3940821321884631,0.3776588779883584
Kyle Schwarber,656941,33.532671239110485,14.34791452029362,19.51874980633658,20.19420474790975,13.886129902947166,23.82189943823427,42.28889234444444,18.616397130389068,25.5372829485259,0.2120030470607589,0.4546178014146727,0.3918238905808369
Kyle Stowers,669065,34.43258051733829,35.29962840732564,27.83455817155541,25.942941833131965,32.589011839724904,21.2726894321101,45.29176890824879,36.93478266047472,32.863396824327175,0.253999975538312,0.4139778285784472,0.2818023726495419
Kyle Tucker,663656,8.742376907006369,12.769960252952936,19.0421737049263,8.439078464884057,16.301159626869,13.29284950692325,16.75994416090792,15.937227463237226,26.852430051408017,0.3130330040563974,0.4441490039997893,0.443440703815858
Kyren Paris,677347,43.26771222317247,28.635241616838783,30.361049861986647,30.75342140877549,34.847243377111184,25.307236522643144,59.72703437662135,33.45473933866924,37.41758140233348,0.3137717003699189,0.3613110700220127,0.27855908597516
Lamonte Wade Jr.,664774,18.86987814584753,19.89118230725962,34.09741333774587,16.70838596609822,16.006046554387336,28.17981550763732,25.83433831014766,15.787482457450812,38.9309062481494,0.2783853524038597,0.2027446185068845,0.1907346421296593
Lars Nootbaar,663457,30.67818912557652,12.591704497968994,10.50655937677974,21.83470705563201,16.5993369994773,6.4333730693630455,28.068080269268872,8.204556762035113,25.905429021554667,0.2694823314906769,0.340278080251795,0.5920869777955556
Lawrence Butler,671732,29.437608924884515,22.56109928850279,18.67833687817371,19.566213610616355,27.57424548583564,19.699272420327013,41.6438415631712,19.74450727044517,41.80457668967219,0.3141237568074313,0.3838397771279518,0.1890756205889456
Lenyn Sosa,672820,29.78921403187813,18.859230789962893,34.602745067021814,26.67118054606729,18.439419481407025,25.17532965985206,35.24663004394013,15.156109487335032,29.004366239564543,0.3876174336381622,0.2489770259139784,0.2634995030187456
Leo Rivas,660844,31.57304656750462,21.496998366317733,21.45558201115384,20.40770843867429,9.726939137609522,18.42233304897011,33.3452723221796,14.71765791909095,33.17437942751337,0.3371302801932118,0.4589464813709918,0.3521886356138818
Leody Taveras,665750,31.935435963443016,40.14941463873054,17.443703515623643,20.694069989251755,26.598569647321774,18.21208000387536,37.32721364711775,29.350040139248705,38.16898481059185,0.2876322625302263,0.2121638180509903,0.2290685790732582
Liam Hicks,689414,24.888960927401538,11.548843433523531,20.199450049781777,19.8187939296964,16.615466682617456,17.06772997343112,31.35182547140822,19.17032633506648,32.248763670634155,0.3682583146491043,0.4571744862462658,0.3474962404502421
Logan O'Hoppe,681351,53.75172638936413,27.96520548439669,27.47817390036389,38.96323844366678,20.98872901506782,19.197616140723465,45.71297234417444,20.366151334002215,31.345186837869893,0.1413487502473943,0.3938173707328441,0.3052881552851303
Lourdes Gurriel Jr.,666971,21.443614065826434,5.063988743176654,15.52411665185797,16.446702732954712,5.79333557633371,11.960292528767592,28.35848896194653,5.292430397838979,18.595013026393485,0.3663564473651204,0.3216802937240935,0.2423102058195392
Luis Arraez,650333,0.0,0.8154354281496657,14.443793375720333,0.0,1.0267279149426722,10.247979925229586,4.358843258483239,2.36641418859244,18.418516366153728,0.332249633518144,0.2715169658999175,0.2288988855854969
Luis Garcia Jr.,671277,20.89261750290519,8.464046322034347,16.17449707788469,15.92567915666494,9.834332283504514,13.541111516461635,29.7503107876561,13.023098092381728,23.74940410488578,0.1714866730256902,0.3268627949902148,0.2470530119083541
Luis Rengifo,650859,16.76641559576328,15.6112676639131,25.32046434981847,12.12530141995912,15.013439626270412,22.193679750060127,15.891112235723211,20.934790330268303,31.365323610795627,0.2524054720832442,0.2195262646903249,0.2757746875370692
Luis Robert Jr.,673357,45.32339995337138,17.524346959779674,38.49710654580002,34.952825052626785,13.745810677321534,28.320004732031173,46.56126577659882,21.69266692288939,36.97507309048107,0.1428187077101786,0.3934668691801246,0.3355936082616191
Luis Torrens,620443,24.25377156324069,20.31639927243689,29.45022090902632,20.427599462516607,16.764637474134503,24.270240047130844,33.18085403313865,16.654247595263367,25.638471284992004,0.3018376208401317,0.2513454941927431,0.2540693608871222
Luis Urias,649966,11.92956033257662,12.616233154437866,17.71209764753538,11.61823471740501,13.751143502374994,11.887077124991697,13.724147708102922,10.792874761679595,24.95092110614477,0.4775155359038341,0.3720547464058481,0.2970119359696047
Luisangel Acuna,682668,22.938981381162936,16.368375410459787,26.01580982297157,15.238375942908096,23.984756874433053,21.998823033587765,23.752405445221548,10.236425283681925,29.724780838099356,0.3263208786802671,0.2343011121635941,0.2130531905279363
Luke Raley,670042,39.71351603973936,21.55295776812238,25.709211756021347,34.43694793063362,13.437386188904505,22.54878340789232,41.10937226586385,35.73695021058498,34.39694133087972,0.2243119086024035,0.239722506351293,0.2841889966227909
Mj Melendez,669004,27.820917215204272,32.19228581883879,22.08782898489251,20.767629932701027,16.406878401367006,16.824708258693974,35.937402488874184,47.07175086994874,34.164578186548695,0.3045019895411217,0.253917211687113,0.2965798633019881
Maikel Garcia,672580,10.726866532466518,20.779541005294664,25.19088313436007,11.832190611902671,19.54884738826961,18.98960843554425,21.77641186310388,11.270830879933762,34.125093898551896,0.2892834738641888,0.4030252823336578,0.3978906024841911
Manny Machado,592518,16.438551699737022,14.95291879075953,17.865568596270837,19.721320508152708,13.33038891548138,15.067014548226492,28.343458627524104,21.06311138772262,25.001395310188563,0.341406702631171,0.4336997174549356,0.2623912204922448
Marcell Ozuna,542303,28.801483080864088,15.15722017491384,25.39344886006722,16.449149079760414,13.812310906952671,19.869923952152416,37.00978098393464,18.42974885401054,42.71708938617154,0.3491289558134281,0.4761326504831336,0.3951850841140408
Marcus Semien,543760,29.869963617808995,14.493165484627935,17.114279323379108,20.40764862640349,15.09964181872367,12.784925846555389,33.88451914138085,21.8485199503143,22.32200664709038,0.1516411010374807,0.2272691573047687,0.3652572560831739
Mark Vientos,668901,23.15718698150728,10.810387470123397,11.575299629896827,15.07280790523341,12.482560129717402,9.896022973173892,41.55370818490178,19.798310752402045,22.477678849071506,0.2915136887188539,0.3104424865185086,0.2009810352921239
Martin Maldonado,455117,41.24629882184297,32.830985925056495,32.20947759862919,29.6651045269585,41.30344325145847,24.94014378290127,43.84457677720775,31.080925738541463,39.73894936730307,0.2721398619212748,0.2876351974369504,0.2877749769879572
Masyn Winn,691026,15.049149065150054,23.249980898141104,24.54132665721636,9.202064716759873,22.73010272581356,20.75974203260724,14.079461243856302,23.787879625767097,30.73738995801912,0.2635511575579813,0.40680380349225,0.3135286339826025
Matt Chapman,656305,30.034871140431274,19.79309937801727,46.45398815158197,19.27571455913472,17.301374938452188,32.387615712815354,30.88004404888395,22.341575439358817,30.903716655174367,0.3994109695718859,0.3135413523497223,0.3152272423489372
Matt Mclain,680574,45.60214760788786,26.01167984277055,16.310975343996375,29.001489533005028,24.76908507284433,12.927704261387031,45.68382678750757,21.783340052386503,26.34327137694677,0.2559847892272022,0.3926175790025508,0.3433142361166006
Matt Mervis,670223,33.75586682333454,47.84863303738112,37.44106858589426,22.899940491820963,33.113161407401414,20.30638841173421,38.59075169671467,40.0610073503339,52.06807648887384,0.2330316906338144,0.2510847070837715,0.4162812949825626
Matt Olson,621566,31.02629398938956,21.91203453091756,11.444162071063936,15.117429239686004,18.52492161192389,11.360923032649536,28.33548325434093,26.551435280131283,16.851142956982333,0.2170421307617394,0.4481363179232188,0.3887612455592371
Matt Shaw,807713,34.54500446203766,34.52156284749451,19.073573828058944,24.109293871929665,23.24893685178108,17.433005596415306,41.38652476773119,35.96541932001003,33.40297880097083,0.2929053243294645,0.214691951972695,0.2616110792931242
Matt Thaiss,642136,29.053557718854396,14.804165466805436,26.25046292909996,22.167865945754475,10.55327594652843,20.5500034454258,34.75708738581257,23.985818566026715,32.945479997837275,0.2881887064307024,0.3998108096023395,0.3432506902895273
Matt Wallner,670242,23.494950963247177,27.89386126261381,18.527437393949967,15.991238744796632,21.56538854242698,16.415005213695956,37.20215693314531,43.04819578609662,30.47861787435552,0.3194593391066503,0.3631398186394619,0.3509675223566572
Max Kepler,596146,33.522887269351656,19.260840335824312,15.053366106645282,29.87949282779569,20.05511557452072,14.493953013330556,30.674991093968515,21.93279793185722,24.212381665405967,0.262402004210009,0.3134483551198563,0.313933110691565
Max Muncy,571970,35.226084392201585,15.547360626933736,34.3269796836782,22.47016043136169,11.486097656177838,28.6707703402148,28.373757182381777,17.30863042857125,37.03893128537672,0.2205185141407462,0.4151737009647346,0.356613999145735
Max Muncy,691777,39.03712184627452,39.44749177627462,22.82937997607506,25.620408421337416,35.5941034923132,20.747305961675305,41.308850799390434,40.088252675776616,37.22477678050439,0.2601522478894134,0.2542164626196913,0.3946556161984044
Michael A. Taylor,572191,36.46663415853769,40.90225534624196,26.02839676798335,26.344217392291974,33.25695040333647,22.908482709534574,43.13517851096152,36.52357858131195,39.76557149625971,0.224710967494656,0.2005568404571376,0.3449740313506161
Michael Busch,683737,26.59927819026045,27.836891323273765,27.64705870065261,16.514411842787286,22.54393142688744,18.09953730987345,33.38647333628073,13.693178134580174,56.51273503804777,0.4286987468071839,0.3154335240716426,0.5425751955214694
Michael Conforto,624424,42.57130044363549,24.580838364741663,21.902672959659043,19.172692429231446,21.560693953867176,16.173410362919995,37.97241721834257,22.5429034087882,28.774252945118253,0.2816560406887499,0.3165455235075208,0.2524095766955691
Michael Harris Ii,671739,9.123013085903128,13.905791357054568,20.61458394563648,7.67735199948406,18.336620308799866,19.44201490716753,22.925820542507577,14.548853142440642,24.7649889542914,0.2091779464477225,0.2227027629962549,0.1890150486483585
Michael Massey,686681,30.243290921569947,10.220161898474306,14.206028759079814,22.666575299577072,12.001302879914585,15.212588917171075,18.663568279211184,18.346014191294135,17.83548828050347,0.2068635507004516,0.2309339642612331,0.2243058155675686
Michael Toglia,669911,46.6797243515497,36.78472378626377,30.65022293755513,27.35019100557056,35.11283299840671,32.306005319297554,40.51843829354361,30.35506484269867,45.49441942996052,0.3622645341609846,0.1989709166681006,0.3996299162631758
Mickey Moniak,666160,39.62615740714379,19.97653837318193,9.697965203717276,37.74555740718623,24.25571216624829,9.27311482484527,40.07921104790935,26.644553039992108,20.84500091582012,0.0741940287063008,0.3172407199534016,0.3403044410257371
Miguel Amaya,665804,21.691234628589985,4.881158109334976,16.660196024048627,14.24869796192746,3.2773898281251097,13.23139988994729,29.29240481278815,9.35551566752968,22.87074886981512,0.3317069422695155,0.5459353295055888,0.2496621876902965
Miguel Andujar,609280,22.878323316118507,7.650610139387286,13.472514048743417,21.970201547211108,12.909301864433782,10.412717844154011,27.1934088519581,7.463516412145291,24.578333026997623,0.3622780043313448,0.3529442696868489,0.2962437281613665
Miguel Rojas,500743,23.35462197186494,20.68288501880198,22.63286852212133,21.94054613931921,12.497259599902923,21.235390073904096,31.323396588102334,11.566182155223602,24.37224296302375,0.3513048800706381,0.2366092960759865,0.2119556211335779
Miguel Vargas,678246,27.169669779043325,16.666112801848815,21.694327018688075,14.180334420681987,17.98794680207163,18.780677912128738,23.027818879217783,14.182021998180188,26.22578813033829,0.2724041852139277,0.3353993120698274,0.231107604356173
Mike Trout,545361,24.48032591166064,27.48715356048089,17.596418425006757,17.991403154089795,34.764453522126274,18.21127418851096,31.80586787106524,17.52312622815731,28.109006871032165,0.3082559828964076,0.2654163983650666,0.2302994850213028
Mike Yastrzemski,573262,36.71024280599427,22.914098306851944,19.296543552695063,23.46374167984642,21.72945759169037,13.828444853854863,39.35932035823602,16.851181518917773,29.284987432927437,0.2516314962749127,0.3856473022941636,0.2871116914385871
Miles Mastrobuoni,670156,16.35383826593116,12.005419977192714,25.32169623056097,13.82830301955502,21.547946740008143,20.86420574856544,26.15193376459036,9.183827360102828,28.760005311498293,0.3289602020735807,0.2421976631098489,0.2965013653281744
Mitch Garver,641598,36.25856374163023,20.62132333515092,29.18952758953895,29.281649105540225,19.20760521363921,23.529080946505704,38.49762519969773,22.99434616434809,34.781909620166125,0.1912773120578775,0.1950507862554256,0.2580587720617545
Mookie Betts,605141,17.893538741479194,4.746195591383022,18.902316550501368,12.459339224937564,8.491037732000645,21.527499705625456,36.0522800536996,6.734929714401873,30.8273761257218,0.264043235110343,0.4208457158190961,0.4014070405413482
Myles Straw,664702,30.67778229226791,26.82789899121518,23.87944607300973,18.329639832349784,19.401752940769867,15.6108120026039,34.40048607100237,17.760585187773295,32.88540105461776,0.3358577675252191,0.3750849793402606,0.2885425932354169
Nathan Lukes,664770,22.632176314244926,12.38128260635933,19.8320453391565,15.787247600293483,10.7269506639639,15.841703205247407,24.668798494705456,14.4150061232599,24.27480692180357,0.2729676052629518,0.2879129355761929,0.2611737342774894
Nathaniel Lowe,663993,43.762057793877766,20.289210108837626,24.880960552260184,23.60884643538844,13.956903294865745,20.546145271640157,36.9297438504354,20.74004791276376,34.16368404161671,0.2953800836711315,0.3713581188149193,0.2904597775614999
Nick Allen,669397,25.890651167188512,20.91030564487381,22.526085808850773,17.504161451960716,23.680037105622453,18.70398440709957,24.99745778802752,14.230136897707474,26.76851810623629,0.3174911787213513,0.2919809761103793,0.2600036706653715
Nick Castellanos,592206,26.49134663250909,12.911414721945532,18.6718021364074,17.63844551750362,15.162685889105369,17.524981618436218,36.8255103524172,10.255122786153354,21.86723834530113,0.1623821429662258,0.4689874944166937,0.3810151523215384
Nick Kurtz,701762,32.47110595408901,33.04067696244478,22.648170627377205,24.2078516772331,27.273820904267662,22.030277557537502,37.761297691502165,29.1783912794042,34.9049834538605,0.332764921396309,0.1713781686986792,0.2417124152798725
Nick Martini,605361,19.02445742004085,20.39979541652433,24.01353315002452,18.34144203421161,15.81262053537438,21.036004285183548,30.895719503360503,16.66727392030799,22.971230184052416,0.3322593022547958,0.2614855972526241,0.2373875309407334
Nick Maton,665155,27.318643922967265,23.48042659924806,21.72290748939604,22.66426825249302,27.160744857890883,19.174396613532515,34.386583636699946,25.749049423164443,29.33183821044628,0.2104822147221394,0.2611426085086877,0.198370515696193
Nico Hoerner,663538,7.429441565824148,8.35076306093031,18.282431637925544,6.023877784131143,13.26704594307514,12.356674869087165,15.851124648740162,5.498476494815602,23.89994178578526,0.3292409595373409,0.369932692147042,0.366423082919141
Nolan Arenado,571448,12.691050254743775,5.620581695176345,13.05155342986748,9.597483650371972,7.336041691834858,11.260974620467447,31.259527870966288,10.21776605129356,22.5577941431184,0.2906353842979496,0.3377003841181917,0.2304547893186591
Nolan Gorman,669357,25.387470474042967,26.21756650825253,21.880538984594395,18.19589809933289,22.11638754750435,19.49609847647932,34.74225951397073,24.252069503770045,32.58661764792715,0.3225150442912939,0.2108757679126819,0.1870042480713535
Nolan Jones,666134,32.52528114945947,29.164859894599896,11.35810770791732,21.451887365180287,21.252188164999765,7.209111973193695,39.00721174279613,23.989710963437997,26.233565147298044,0.245296005806214,0.2535171875798253,0.2527956953788506
Nolan Schanuel,694384,22.059367425081536,13.616874367490745,13.924441762358168,19.71349862577279,15.265000564489805,11.014058351305042,22.44492150958891,9.830888096658372,22.867503888325334,0.4109913927639054,0.4197275873529077,0.1636182511799665
Oneil Cruz,665833,50.297867353341005,24.041973968322147,19.2534220700562,34.892524225217635,23.782761843378854,19.18427103692735,51.053977533529576,24.755956920929343,21.567793372092712,0.2512251920351074,0.4051057755017688,0.2428870122714721
Oscar Gonzalez,660757,32.12948805214661,38.37540673551258,25.59872567249105,21.295355647624877,16.620854536276134,22.66437246306392,36.42830897633765,29.34155780667525,38.74949140416063,0.3885291783859136,0.0,0.2290438323887209
Oswald Peraza,672724,23.245020653533917,30.208128133432798,19.14832211287296,18.401288574663,20.660490937376256,16.594213585425035,38.63482423716292,51.639301259435264,29.67474524828381,0.3600336375907794,0.35909656848168,0.3302534424633406
Oswaldo Cabrera,665828,34.04016431579835,21.329121034298744,23.94514020686092,24.53688769760009,21.320526161788656,16.77894248111038,38.46284992660611,28.6509730276222,30.00954192696205,0.2341098991977693,0.2946749648481296,0.2286388665747638
Otto Lopez,672640,16.58510089796761,14.372419020312362,16.139519049334986,18.265878261890077,21.79405504237014,15.315735319316852,36.4780292408072,9.781552927089802,26.01832969672272,0.2506616314243485,0.3443580291787045,0.2317121964030014
Ozzie Albies,645277,27.238880697328312,19.72484608729657,3.5668602250746506,21.004405004562415,24.305961791105744,4.859413582807045,27.27183928318714,20.136038730123087,12.872568303830402,0.1724906148844131,0.2904364419881365,0.2925847255627661
Patrick Bailey,672275,30.2694180339135,27.794383823138315,47.093650446993,20.493368608233386,22.075251462101114,40.58182795716678,37.87110648138132,23.9675467015521,49.61181154437856,0.2876624249776288,0.2225608602055291,0.0779794185125466
Paul Dejong,657557,31.706777921159272,46.15552939928928,22.79395643609729,22.78856267433964,20.81838388862801,16.48742327488929,35.85969804343032,34.145540803639555,33.837180454007104,0.2724230289686911,0.3493482254646082,0.3525704585973798
Paul Goldschmidt,502671,28.24732209163675,10.138753646577944,15.600900128383412,21.371902952638067,12.838654425825984,13.709806861679557,26.922429142895343,15.638512448020316,24.50486676349385,0.3081986045822677,0.372443518780659,0.2606264642959132
Pavin Smith,656976,39.846300235730936,19.785427694184243,34.93309447748613,18.5506073801711,20.50075917616873,29.74317597181879,52.22097906959921,17.290676456611767,42.590162217134775,0.2195522558245142,0.5457104892340521,0.3987576869308314
Pedro Pages,686780,29.146724667501942,6.743192971957897,17.11039832290682,24.991218994911787,5.687425046517241,15.0741698611042,31.018846633943834,11.684110973720948,31.77607957595757,0.2483851863418192,0.3743551673942602,0.2548925517813039
Pete Alonso,624413,31.32873958973917,23.481643227535304,21.072053297609127,19.45174003167375,11.914217716446627,16.51811250298146,28.72225874479029,20.189117610314977,30.246883916668317,0.2957184670913944,0.4459505987912978,0.3115923195938462
Pete Crow-Armstrong,691718,25.999197048119346,38.84538512978076,7.95990124283378,27.184421455225653,23.815683110197064,6.953091724216036,35.002425361357574,32.216447873013074,15.201754400199247,0.4205865144351653,0.3595730231276298,0.4857320153120337
Rafael Devers,646240,19.3291712091894,24.01997765825436,24.586913896926845,11.811440840966696,20.5002956844249,19.536269466726345,28.193109488910203,36.13345106566678,35.97062682716554,0.4614201261170687,0.386006405290563,0.1431282073405963
Ramon Laureano,657656,36.60970077595693,18.14120497122353,20.781696972316013,28.475685889947982,15.650258043146607,15.913251375527937,39.14510394981858,20.10701585418555,30.918085761575902,0.2857962536727125,0.3995617907721223,0.3209287707709559
Ramon Urias,602104,28.555471073799023,12.097467889419326,20.91927703080277,18.64095592310427,11.28095598447078,16.438541352732656,36.119126466685714,20.164070755198765,27.837183765017464,0.2600316446561139,0.3384704321407401,0.2570774482903571
Randal Grichuk,545341,28.821613788551986,18.166858312260366,30.580111160313827,20.753059616834133,18.1354606619049,20.767084958592143,30.85282001465035,13.305802262012172,34.65342730648056,0.3011948357167123,0.3934814997953,0.3251699473089542
Randy Arozarena,668227,42.8271571078334,23.237472064495844,11.70317086337494,25.15786166539086,15.547325817727264,8.312162443032966,41.246845962468896,33.62387596582534,27.409940433696807,0.3407197745786747,0.4246346947481222,0.4042907196455917
Rhys Hoskins,656555,27.090197413587887,11.838241086360345,18.64706155905252,19.029527118961635,12.309073265341498,16.064991995692857,36.13982143022898,14.730756613149593,31.02298011269825,0.3911389587283109,0.4474130897825487,0.3409041656612255
Riley Greene,682985,37.75030094045911,22.798043146962577,15.461900334666192,23.71480612255035,18.31143173713584,11.79369663519578,38.80634480894078,17.047251643248593,28.36603080347151,0.2894602763672215,0.3829098331876732,0.2469762072038599
Ronny Simon,682927,23.276197104853274,13.952497773681714,22.02406014464465,17.446873920548025,6.567640008432314,20.542142445587565,29.02402564346373,19.92175068498604,25.506885214544663,0.3080036561249711,0.3916660000645801,0.3451832126679439
Rowdy Tellez,642133,33.94116984943742,21.241028033507654,22.97782503552207,22.297865127271017,26.433979321759963,18.875617715469573,40.478823853821865,18.969782484255862,32.94651103673298,0.4208103536132475,0.5152525564747145,0.2983391449393062
Ryan Jeffers,680777,13.500156226555683,24.05487089788957,25.39283020345583,11.153843977646591,22.08493056479137,21.385424757742967,30.620015227364856,13.232666735440745,36.79574231262312,0.5106930432137392,0.2531857574233976,0.2867516564961178
Ryan Mcmahon,641857,56.34664709286429,15.456501274555098,46.166215936501246,37.88854892846382,18.553602007260142,27.55135382168355,45.89200431194904,13.858260438915854,48.076273931661504,0.2054241833565917,0.3645500436484463,0.2862437376157086
Ryan Mountcastle,663624,12.545300715667937,16.21827207507181,23.434094373560374,9.53448987797072,16.051204094456168,18.41390922785593,29.371027486508368,16.921540257866226,20.43034813542233,0.3818972766847467,0.3015341310880242,0.2795577385355723
Ryan O'Hearn,656811,42.0711339216925,8.303803381509466,23.048255768070195,27.98131777437215,9.052024504486816,19.673793831708554,41.73674975267409,7.823032515076627,28.49850660185752,0.2030608758495785,0.5001704085604689,0.1360336296375724
Sal Frelick,686217,9.290426466452937,7.826550622761835,16.879539913952026,7.930439177184123,9.214855593750224,14.771555544358083,5.611009302976485,10.568074267046896,22.223747049217764,0.4937537924938559,0.2662594874693921,0.2269595526795648
Salvador Perez,521692,29.274319670592057,16.196206037864425,7.297680066870605,18.22457920086986,21.968071495787683,6.813275441014707,40.56547393303431,21.492772246227915,18.40040543146593,0.1596883975084673,0.2805092272220442,0.340723642338817
Santiago Espinal,669289,10.427763078998913,4.866333904092787,13.006266344144036,11.699284530516412,7.520807960506897,10.983246903039596,24.21635482889432,11.60292477988106,20.82640672799546,0.250354273644801,0.3326528790470281,0.2397303297101417
Sean Bouchard,656248,40.71144433043232,30.11747837582888,28.282006977167303,26.61501480000328,38.07382484256223,23.60289478626006,44.10176193357853,31.001326041568756,37.74637077107178,0.2939743280509429,0.2854545907850361,0.2761895623784944
Sean Murphy,669221,43.51548057096623,22.024954074208345,27.95826170638404,16.936499355894416,19.118701444543245,19.243900246266204,36.63670446642115,13.723789620237111,25.205039414029148,0.4181855884051036,0.3769405258454779,0.3187661025784185
Seiya Suzuki,673548,20.19249518886373,25.30208506187752,14.375375072408612,16.471709283486533,20.10194880667233,12.426313522586904,32.4550657426809,17.78575857727299,23.3029254468068,0.2873563407372611,0.3899092981523275,0.2472842474009285
Shea Langeliers,669127,6.80846603793881,17.76567069625709,17.83019324273104,6.876453262526935,23.66424939662173,14.067421046365704,22.55062202931011,14.591730900289676,25.383812377436318,0.3471168609192016,0.3718887995778875,0.3327759716162496
Shohei Ohtani,660271,28.468904330792427,19.352631782686828,36.53554771472059,20.98330685085101,21.75764607738372,34.755181445277366,40.24270616560607,17.001864732553386,45.089168789452486,0.5138188884337311,0.4688626379078316,0.3384134502106373
Spencer Steer,668715,22.3300225502192,23.981426640260505,16.594701718163915,16.915960403028002,21.244377823594892,15.072223666097198,36.742662916731,22.33600922051881,25.738319042219345,0.1251134658197337,0.2743477506442751,0.2795192038806847
Spencer Torkelson,679529,40.69532226085679,12.818305826609803,27.77108182481509,37.676554208095375,13.397964726613548,18.937432797340197,37.64558608676036,15.66627693398413,43.41103842302992,0.3687915967127521,0.3990457079583472,0.423040440734715
Starling Marte,516782,27.221853682065664,16.907899480777495,24.193619921469484,23.186865792479495,11.519308724518792,16.777083171894546,41.25658751813087,8.46249486250945,28.18663679414428,0.317676027073612,0.3151728128247504,0.3390022659707484
Steven Kwan,680757,9.945553702167,6.202638123832428,11.605086238352811,9.33666916489397,6.648074718847535,6.36344432083706,12.191857197606154,4.54093917318252,13.331102542492497,0.2436336793640979,0.4183794519075589,0.1954664532936066
Tj Friedl,670770,33.01391890584315,5.957707342652599,22.51026599142196,27.63079640809496,9.485285753421303,17.106799837114004,38.92427234726991,6.155314013349361,18.139998699792567,0.4044806586042836,0.3000514905401555,0.483373577447622
Taylor Walls,670764,22.809628248409524,18.309621611860976,27.05915119101392,19.83114210026573,18.44494959723217,23.24719933201868,31.132018194359556,17.557965430541184,26.85734353855665,0.2946749709266946,0.2410737697138253,0.2349093902805841
Taylor Ward,621493,28.84622123269948,21.74445359347158,15.307349221487128,25.6433154556098,25.99321933571689,14.865344875811417,28.713523830762654,13.366950573182931,24.63954857494789,0.2386379813043759,0.4005408462072466,0.291785167196175
Teoscar Hernandez,606192,27.97180823435641,8.757197174474982,16.561733559538094,28.558936783794294,9.33158124921691,14.045078505838806,46.14684917587324,15.791458833628282,27.075923942577827,0.4063987195697612,0.4408770777184306,0.3260090359547174
Tim Anderson,641313,29.493375475685824,24.98307060546064,24.78981163752657,18.89513033411237,18.69196455776474,17.388972135302573,35.69160893032722,27.376248484015992,30.28575078574893,0.3125757760088569,0.202689706043304,0.1635404045502958
Tim Tawa,694374,43.12976117422467,13.874599669698505,30.69151844068517,36.5038775173804,12.218480781636,22.600954513462533,39.07940864918056,28.17284589278989,34.6333900435811,0.1648698231381613,0.3598506753150738,0.2666523370056853
Tommy Edman,669242,31.91401350888398,19.139166999107736,9.920953608201796,23.64327763783178,21.17113557178276,9.923132317841608,33.22525134019877,20.597372539958297,15.991494738163304,0.2434629407162005,0.3399639487205065,0.3135399723163915
Tommy Pham,502054,38.460275024861744,23.849482701619856,26.213651124546352,18.21274489467717,22.37397782345263,23.688920094266752,40.01198952137244,21.395002130518684,34.25150943249824,0.2805524264264109,0.2592183422749745,0.231799373784542
Travis Jankowski,608671,25.246007078625688,17.71149078268661,28.002932363038493,19.632219213446184,15.871037332295028,19.46693189361243,28.877658192701443,9.348870929899244,35.5967824591959,0.3122703502979712,0.3490146745533771,0.3745018511596015
Travis D'Arnaud,518595,34.06548241018438,39.723415436852925,20.09681591011941,21.89203184625384,30.942151786749136,17.90282013191118,36.425785912352005,17.924388070803673,29.88335011773811,0.3147723060477316,0.2741568369063465,0.3120221286408006
Trea Turner,607208,27.19758708546219,17.057288650411476,0.0,17.33488499964569,20.297619308397703,0.0,35.320070872895926,19.522920097824997,17.531524032392348,0.2739166497038538,0.3737411759821605,0.2818633846830607
Trent Grisham,663757,48.81509210755922,14.293225436863509,14.45779214308143,26.53722073132396,15.01973248415765,14.822723542806315,31.60882352971809,14.959763269875308,22.744417186028365,0.1514460026207894,0.4001927946072764,0.5071508651809972
Trevor Larnach,663616,45.34609842321004,17.102245038555985,16.53255673323057,25.460453261821154,21.086430064983677,12.5528344009806,48.81127938086575,19.635781773328475,29.445374466937643,0.2412930861719944,0.3175398890344344,0.4672820177720917
Trevor Story,596115,18.510843566196908,18.896155726147335,32.91422562195317,16.293783494148766,20.426696311357706,26.35530000197599,29.646683946940165,20.727058240090543,35.913015261739915,0.3477614658988783,0.2100709886371887,0.1206866590097613
Trey Sweeney,700242,34.65668267746212,19.075618272879325,7.55043560017394,26.63576646844786,19.583501776225017,6.296140251888237,30.57631639084875,25.74178980633462,18.913808258602128,0.2903294799491611,0.3100573791765923,0.3890758864275004
Triston Casas,671213,23.157702349991315,19.74527439875425,17.78577904243072,19.07602164489815,20.962297375419183,13.201777555455962,34.500410427060224,20.760822025495663,27.116009580376023,0.2759638687251227,0.3585821595022948,0.2836705643119233
Ty France,664034,23.89249437864091,9.54135055409232,15.694859364437235,15.891300408347949,8.975043218051754,13.66534082426672,30.827183146427963,18.827422657136218,22.67878089175742,0.2043263658976225,0.3724248110358778,0.2561835300705506
Tyler Fitzgerald,666149,20.719330773722355,25.468337499444424,24.60786334917665,16.937279078677065,25.50045659254413,21.280715438705432,36.133770049829565,33.76209810169785,35.35842715353275,0.3007711211282441,0.3230258057787427,0.2653802804021678
Tyler O'Neill,641933,42.36122865888255,30.786331025563985,22.27643243231178,30.88154094782676,21.963633754295376,20.54837965535493,39.993845570643856,26.679638772159457,36.28671687342879,0.3454920750158374,0.143653667527153,0.2445088134782121
Tyler Soderstrom,691016,22.028664929089526,23.330425854929853,16.96488656598404,19.512603882404395,27.94081989461009,17.55192853515432,28.887551093294555,18.767127811810468,26.123066843221924,0.3231140597218974,0.4193623182512637,0.2394616019451563
Tyler Stephenson,663886,23.393554186869235,30.65220292716739,13.470793330572889,20.198508962146573,32.295309174064144,11.818715457521794,31.496515206223744,26.208651089241396,25.884736307501296,0.4089230810558256,0.2697805779253827,0.3246836272804095
Tyler Wade,642180,25.672101463347868,10.621340555293006,13.383029871980389,20.57215904966152,11.02319104304551,10.967790103873154,28.26330960699471,12.450288792198863,22.37281074834373,0.324014901396092,0.3915624204332241,0.2424896094458027
Tyrone Taylor,621438,22.867450596839216,12.59290176993992,19.903738709936416,23.70104240230173,15.238299224577132,16.895480351276085,27.667830100307143,9.612607154559312,27.24904817394139,0.3576477830845997,0.3932519710889408,0.319405341446246
Victor Caratini,605170,24.28024610154655,17.71935303318903,21.644331135308985,16.25250275085057,25.325546861232496,15.532101560277171,30.22773728754935,12.261878456891475,32.21005422208397,0.3265136203678381,0.3272735471567775,0.3744385175012749
Victor Scott Ii,687363,36.14986704103696,16.955397668672333,34.53221461413176,29.69114293380349,17.391356731049633,24.272038819980303,31.53471027079791,20.935283996848785,38.46342478677381,0.2241649540961805,0.4775909345829477,0.2813606238001751
Vinnie Pasquantino,686469,39.48602464851901,10.620490884625696,24.92662728216032,32.552746894671806,11.954774654692656,18.41998456516496,33.94405708558322,14.72547111702567,34.24275747141445,0.1801106417768465,0.344032087685243,0.2558376764391218
Vladimir Guerrero Jr.,665489,17.478548530526968,14.914265286332244,14.930331962824985,21.75524518224304,15.274203769448803,7.131275837644732,21.886016392095343,19.51640030975568,24.414439013133737,0.373722635659175,0.49272507629015,0.3123137057615567
Will Smith,669257,21.36686221016376,18.33459048840772,17.424675119099774,25.9882215825682,15.08215623387128,16.983484678777618,22.601148926122814,15.09128277190471,21.40159058342384,0.5433899693349766,0.2916803520158884,0.2536015236133592
Will Wagner,695238,27.36520363027333,27.83347185197772,21.05249951413509,21.81005774625812,16.3052394144338,16.607869948018735,27.534322535241724,16.145822242973846,33.36884185239248,0.3415810819444516,0.3066182860280005,0.3246719907876361
Willi Castro,650489,33.39899087636136,34.076527217162386,25.19802327291684,24.44136393126549,16.890193274738735,19.663279786618403,39.81509623366681,30.55776103738812,40.96642663122961,0.3177018853131712,0.2628682437128898,0.2520793034834022
William Contreras,661388,18.267507497315915,17.847310884596254,21.57245082289859,14.285752157731972,17.231087273715826,15.704569321444636,36.758846106456055,20.23599810838575,30.48017020042137,0.3305713422498866,0.3645753152549,0.1927033350711846
Willson Contreras,575929,20.393248071909557,18.235887453595964,16.359526816448426,15.758921521334994,14.052159592262033,11.939671477612563,35.39232163545081,14.052958067129882,30.213379246902225,0.3443024337558388,0.3528524629210745,0.2706659353217466
Willy Adames,642715,35.73078368175177,15.516005676470344,52.14647652595387,24.90901726115941,17.231023844947426,29.563221420569743,40.80394195139743,15.88807030250729,57.92283336105871,0.3192177836948302,0.3282442027424775,0.2042046889054707
Wilmer Flores,527038,27.98901254942628,9.79841706858577,10.538402563303476,15.87752179099942,8.463481720024193,6.443776747469433,27.506167358876937,9.599315858131046,26.935377434181454,0.2819722147631041,0.4551698012256592,0.3172590493496385
Wilyer Abreu,677800,25.99326748667061,23.029988654704542,18.03669786089921,18.68250502434035,16.298949522250084,18.261575419295244,27.314405607737093,21.591249143812608,17.374078290915463,0.3303780698820172,0.3055292007244695,0.4144836775823883
Wyatt Langford,694671,21.25076670995064,19.10303622835498,18.618299834797952,19.24333369187443,28.197458336456545,17.429929227747547,28.227366376262417,16.893798407353202,25.82884398845465,0.3551509659414619,0.4191516470825639,0.2904940484167942
Xander Bogaerts,593428,12.04535006231168,13.80354104084925,33.11929638732734,8.653423291418699,23.63406147499977,26.0669912666588,23.340501916916278,10.620108034561964,37.86542736874328,0.5756414093883196,0.290614503078686,0.4002497484839564
Xavier Edwards,669364,26.432658149938867,19.63990394770145,18.023807158964026,23.036396075601157,19.536754780023298,18.34716073391886,27.99720950677901,10.291140418243872,8.899831396207341,0.329669409795861,0.2535874721859238,0.2293555841462556
Yainer Diaz,673237,18.86659783351705,23.71824766623064,20.84877910347564,17.57353473976046,19.025374916093188,17.748735418425237,27.23030432122925,21.3483079335408,25.44710198208853,0.2506725586600486,0.3385555251776853,0.3014936291526826
Yandy Diaz,650490,13.764739133331506,10.832856475965798,23.8230400431655,12.4375250765514,14.138294881492868,20.75268964753504,15.463338045165669,13.21641649069013,23.039268176928548,0.2912435145943503,0.2432266975632494,0.1922726853364661
Yordan Alvarez,670541,12.472483811159776,13.226909012887443,25.33202301478778,13.642978153975289,9.418485718625698,19.30918501730925,26.96241326375065,12.25948163433435,26.201215776044503,0.4812213320007024,0.195594438854711,0.2635833582568089
Yoan Moncada,660162,29.910211269509475,15.79246795737402,22.91873410888144,22.20743468503348,17.334083946081694,17.01169586305507,34.165212057434445,15.8735572930283,34.80688533064062,0.3386734210377187,0.4989018950822053,0.289492295592722
Zach Dezenzo,701305,42.18601243845034,38.31659046673271,23.314034779254943,25.598574343687165,23.10111401409848,19.63188321581636,51.11871050459103,27.243730284292997,32.68951727930051,0.1946593515826574,0.2723041041044106,0.2233857366599232
Zach Mckinstry,656716,60.447768200003885,14.664663706655576,17.90290783864063,34.8481616644797,16.51724074276355,13.70510993144288,50.19462563627234,15.35042307310647,30.176465150845598,0.1876437613022255,0.4556931095463618,0.2907971526096131
Zach Neto,687263,29.8262614251947,22.357762684296887,23.480533182271344,22.62835613733243,21.108511858995808,18.798633401698577,38.23817059979123,17.62110358790254,37.08217759774708,0.3919158802090735,0.4766433488075609,0.3137006277311382
