Name,MLBAM_ID,Putaway vs RHB,Putaway vs LHB,O-Swing%,Z-Swing%,O-Contact%,Z-Contact%,Zone%,F-Strike%,SwStr%,CSW%,FIP-,Stuff+,K%,BB%,IP,Matched_Name,Match_Type
Aaron Ashby,676943,SL,CH,,,,,,,,,,,,,,,
Ben Lively,607625,SL,SL,0.26735219,0.70909091,0.77884615,0.91025641,0.45897079,0.61235955,0.06111111,0.22916667,113.294449650699,82.7918181818182,0.16292135,0.08426966,44.2,Ben Lively,Exact
Brady Singer,663903,SL,SL,0.27111111,0.62536873,0.66393443,0.86320755,0.42965779,0.57575758,0.0887199,0.26996198,102.87067292358,94.5683673469388,0.21717172,0.09090909,46.2,Brady Singer,Exact
Brandon Pfaadt,694297,SL,SL,0.32051282,0.72062663,0.65714286,0.90942029,0.41227126,0.65966387,0.09139785,0.24731183,127.829191959233,95.869817007535,0.18487395,0.05882353,56.2,Brandon Pfaadt,Exact
Bryce Elder,682243,SL,SL,0.28773585,0.66315789,0.6557377,0.92063492,0.40197461,0.65745856,0.08028169,0.27042254,123.785757156055,92.50175793,0.18232044,0.0718232,44.0,Bryce Elder,Exact
Cal Quantrill,663978,SI,SI,0.30238095,0.67558528,0.68503937,0.88118812,0.41585535,0.60451977,0.08901252,0.25034771,117.30939664086,86.1864623955432,0.16384181,0.08474576,41.0,Cal Quantrill,Exact
Chris Sale,519242,SL,CH,0.36464088,0.66037736,0.53535354,0.83214286,0.43846949,0.64135021,0.14374354,0.31540848,76.24866627,107.486347554631,0.30379747,0.06329114,54.2,Chris Sale,Exact
Corbin Burnes,669203,FC,CU,0.31277533,0.66433566,0.57042254,0.89473684,0.38648649,0.63684211,0.10945946,0.28243243,107.7098366012,101.879782608696,0.22631579,0.11578947,45.2,Corbin Burnes,Exact
Dane Dunning,666808,SI,SI,0.33529412,0.65,0.56140351,0.80769231,0.4137931,0.50617284,0.13745704,0.29896907,67.63129781,104.6159722,0.2345679,0.09876543,21.2,,
Framber Valdez,664285,CU,SL,0.32495164,0.67581047,0.54166667,0.89667897,0.43681917,0.61660079,0.11388286,0.28308026,81.2118627887861,106.149934497817,0.23320158,0.07509881,63.0,Framber Valdez,Exact
Gerrit Cole,543037,4S,SL,,,,,,,,,,,,,,,
Joe Ryan,668933,4S,SL,0.31786543,0.70822281,0.66423358,0.77153558,0.46658416,0.675,0.13242574,0.2970297,75.927185000728,104.816699751861,0.315,0.03,52.0,Joe Ryan,Exact
Kevin Gausman,592332,SF,SF,0.37684211,0.72576177,0.6424581,0.87022901,0.43181818,0.71144279,0.11722488,0.26674641,92.5504845453165,102.429830917874,0.22885572,0.05970149,51.0,Kevin Gausman,Exact
Kodai Senga,808967,FS,FS,0.30246914,0.72258065,0.53061224,0.875,0.38944724,0.54411765,0.12140175,0.26157697,71.9896452605895,94.2347169811321,0.23039216,0.10784314,50.1,Kodai Senga,Exact
Logan Webb,669358,SI,SI,0.31858407,0.62779156,0.55555556,0.90118577,0.41632231,0.71428571,0.10847107,0.31714876,55.010018032948,106.511440414508,0.27380952,0.06349206,63.1,Logan Webb,Exact
Max Fried,607200,CU,SL,0.29357798,0.69014085,0.675,0.87414966,0.43872297,0.60557769,0.09165808,0.26364573,63.8051072248264,107.340536480687,0.23904382,0.05976096,62.2,Max Fried,Exact
Shohei Ohtani,660271,SL,SL,,,,,,,,,,,,,,,
Spencer Strider,678468,SL,SL,,,,,,,,,,,,,,,
Zack Wheeler,554430,4S,CU,0.34210526,0.70403587,0.57142857,0.80573248,0.45603272,0.61065574,0.14212679,0.299591,70.4065642045834,108.866196319018,0.32786885,0.04918033,64.0,Zack Wheeler,Exact
Jacob deGrom,594798,SL,CH,0.35421687,0.70231214,0.57823129,0.79423868,0.45466491,0.6281407,0.14717477,0.30749014,84.3007932738361,107.150538764783,0.26633166,0.05527638,51.0,Jacob deGrom,Exact
Max Scherzer,453286,SL,CH,,,,,,,,,,,,,,,
Blake Snell,596119,SL,CH,,,,,,,,,,,,,,,
Carlos Rodon,607074,SL,CH,0.33660131,0.5954416,0.5631068,0.86124402,0.36448598,0.6059322,0.12318841,0.3136646,86.26757744,104.381123829344,0.30508475,0.10169492,59.2,Carlos Rodon,Exact
Brandon Woodruff,657024,SL,CH,,,,,,,,,,,,,,,
Zac Gallen,668678,CU,SL,0.26173285,0.65162907,0.55172414,0.89230769,0.41867786,0.58024691,0.09758657,0.28016789,119.938810344196,91.8761385099685,0.24279835,0.10288066,56.0,Zac Gallen,Exact
Logan Gilbert,669302,SL,CH,0.32363636,0.74553571,0.38202247,0.78443114,0.4488978,0.72649573,0.18236473,0.32865731,53.9800733603677,98.7248496993988,0.37606838,0.05128205,30.1,Logan Gilbert,Exact
Tyler Glasnow,607192,SL,CH,,,,,,,,,,,,,,,
Joe Musgrove,571578,SL,CH,0.31005587,0.68525896,0.59459459,0.91860465,0.41215107,0.63694268,0.09688013,0.25287356,114.8492979,94.74343802,0.18471338,0.08280255,37.2,,
Clayton Kershaw,477132,SL,CH,,,,,,,,,,,,,,,
Julio Urías,596112,SL,CH,,,,,,,,,,,,,,,
Walker Buehler,621111,SL,CH,0.325,0.65865385,0.72115385,0.91240876,0.39393939,0.66428571,0.07750473,0.26465028,104.490099972325,97.3713092979127,0.20714286,0.06428571,33.2,Walker Buehler,Exact
Chris Bassitt,605135,SI,SI,0.33066132,0.73743017,0.7030303,0.82954545,0.41773629,0.63348416,0.10955711,0.27039627,77.2528328934396,98.8945392491468,0.24886878,0.04524887,51.1,Chris Bassitt,Exact
Cole Irvin,608344,CU,CU,,,,,,,,,,,,,,,
Dean Kremer,665152,FC,FC,0.31034483,0.69565217,0.67973856,0.91666667,0.45644983,0.69008264,0.08030803,0.25962596,121.463736541814,98.89143488,0.16528926,0.06198347,55.2,Dean Kremer,Exact
Drew Rasmussen,656876,SL,SL,0.33156499,0.68085106,0.688,0.87946429,0.46600567,0.71666667,0.09348442,0.26628895,96.5591433347941,111.823579545455,0.22222222,0.05555556,46.0,Drew Rasmussen,Exact
Emerson Hancock,676106,SL,SL,0.26689189,0.7312253,0.6835443,0.84864865,0.46083789,0.66666667,0.09636364,0.26,138.242527476591,90.5712204,0.16666667,0.08,33.1,Emerson Hancock,Exact
Erick Fedde,607200,FC,FC,0.278826,0.67164179,0.69924812,0.93333333,0.41256158,0.62962963,0.06765068,0.2300123,103.47918998912,91.14064767,0.14814815,0.11574074,52.1,Erick Fedde,Exact
Freddy Peralta,642547,4S,4S,0.35016287,0.67924528,0.5255814,0.89814815,0.34120172,0.55506608,0.13290461,0.27224009,90.9031051468124,101.443728813559,0.25110132,0.08810573,55.2,Freddy Peralta,Exact
Gavin Stone,686610,CU,CU,,,,,,,,,,,,,,,
Jake Irvin,663738,CU,CU,0.29955947,0.63192905,0.71323529,0.90175439,0.49834254,0.68273092,0.07395143,0.27262693,118.274205184549,93.4530675526025,0.16064257,0.06827309,60.1,Jake Irvin,Exact
James Paxton,592320,CU,CU,,,,,,,,,,,,,,,
Jeffrey Springs,605488,CU,CU,0.3125,0.66005666,0.65454545,0.84978541,0.40068104,0.59555556,0.10442679,0.27468785,109.420389671138,91.97659091,0.18222222,0.09333333,53.0,Jeffrey Springs,Exact
Joe Boyle,687362,4S,4S,0.31558935,0.62980769,0.69879518,0.8778626,0.44161359,0.55284553,0.08686441,0.26483051,140.4023507,91.56341365,0.18699187,0.08943089,26.0,,
Joey Lucchesi,656756,CU,CU,,,,,,,,,,,,,,,
Jordan Hicks,663855,SI,SI,0.25934579,0.66197183,0.56756757,0.88085106,0.45338442,0.58937198,0.09693878,0.28443878,91.2091838115369,108.723208098988,0.19806763,0.0821256,46.1,Jordan Hicks,Exact
Jose Berrios,621244,SL,SL,0.29249012,0.68392371,0.60135135,0.88844622,0.42038946,0.652,0.09965636,0.27835052,116.480873294647,91.5846206896552,0.212,0.1,58.0,José Berríos,Fuzzy
Jose Quintana,500779,CU,CU,0.28358209,0.65024631,0.74736842,0.90909091,0.37732342,0.57246377,0.06666667,0.2537037,111.929042443274,85.5560747663551,0.17391304,0.07971014,34.0,Jose Quintana,Exact
Josiah Gray,668723,SL,SL,,,,,,,,,,,,,,,
JP Sears,676664,4S,4S,0.32666667,0.64345404,0.7755102,0.85281385,0.44375773,0.66831683,0.08281829,0.26699629,96.3043332046505,98.09069767,0.18811881,0.04950495,49.0,JP Sears,Exact
Justin Verlander,434378,4S,4S,0.3081761,0.71465969,0.66666667,0.82051282,0.44470314,0.61333333,0.11408615,0.27240978,122.8519432,105.945443925234,0.18222222,0.09333333,52.0,Justin Verlander,Exact
Kutter Crawford,666424,FC,FC,,,,,,,,,,,,,,,
Kyle Bradish,676979,SL,SL,0.3471223,0.71724138,0.59585492,0.82371795,0.43895055,0.60159363,0.13420787,0.28052472,67.66858812,112.0361297,0.29083665,0.08366534,63.0,,
Kyle Gibson,571760,SL,SL,0.32946636,0.67292225,0.68309859,0.87250996,0.46393035,0.61244019,0.0955335,0.25186104,103.3632054,95.79094527,0.18181818,0.09090909,50.2,,
Kyle Harrison,683146,SL,SL,,,,,,,,,,,,,,,
Kyle Muller,669160,SL,SL,0.26941748,0.67128028,0.63963964,0.8814433,0.41226819,0.55789474,0.08974359,0.27777778,99.02857618,96.88704708,0.21578947,0.08947368,44.2,,
Lance Lynn,458676,4S,4S,,,,,,,,,,,,,,,
Marcus Stroman,544931,SI,SI,,,,,,,,,,,,,,,
Mason Miller,687027,4S,4S,,,,,,,,,,,,,,,
Matt Manning,666159,SL,SL,,,,,,,,,,,,,,,
Matthew Liberatore,669461,CU,CU,0.3546798,0.64857143,0.55555556,0.90748899,0.46296296,0.67142857,0.11228534,0.29722589,59.38129016,99.75667553,0.22380952,0.03809524,52.1,Matthew Liberatore,Exact
Michael King,650633,SL,SL,0.30198915,0.64864865,0.63473054,0.825,0.40086674,0.60444444,0.11159263,0.28385699,80.849289699838,100.540325027086,0.28444444,0.07555556,55.2,Michael King,Exact
Michael Kopech,656629,4S,4S,,,,,,,,,,,,,,,
Michael Wacha,605400,CU,CU,0.29424307,0.7160804,0.70289855,0.85964912,0.45905421,0.66525424,0.09342561,0.25144175,75.6584112803782,96.7043735224586,0.18220339,0.06779661,56.2,Michael Wacha,Exact
Mitch Keller,641745,SL,SL,0.29313929,0.6681128,0.68085106,0.89285714,0.48938429,0.624,0.08271474,0.26935313,85.0914439931533,96.2255696202531,0.192,0.068,58.0,Mitch Keller,Exact
Mitch White,657077,SL,SL,,,,,,,,,,,,,,,
Nick Lodolo,666157,CU,CU,0.36986301,0.68656716,0.65608466,0.89130435,0.44030668,0.70204082,0.10393873,0.25273523,84.7028123924134,101.002260273973,0.2,0.04081633,58.2,Nick Lodolo,Exact
Nick Martinez,607259,CU,CU,0.31615925,0.66376812,0.61481481,0.89956332,0.44689119,0.59134615,0.09715026,0.26165803,74.9024480275019,93.10369311,0.19230769,0.05288462,51.2,Nick Martinez,Exact
Nick Pivetta,605400,CU,CU,0.2875,0.68882979,0.64347826,0.8030888,0.48453608,0.66666667,0.1185567,0.28608247,78.2769639691574,96.103958602846,0.28282828,0.07575758,50.1,Nick Pivetta,Exact
Patrick Corbin,571578,SL,SL,0.31005587,0.68525896,0.59459459,0.91860465,0.41215107,0.63694268,0.09688013,0.25287356,114.8492979053,94.7527933884298,0.18471338,0.08280255,37.2,Patrick Corbin,Exact
Paul Blackburn,605212,FC,FC,,,,,,,,,,,,,,,
Reynaldo Lopez,625643,SL,SL,,,,,,,,,,,,,,,
Rich Hill,448179,CU,CU,,,,,,,,,,,,,,,
Roansy Contreras,672710,SL,SL,,,,,,,,,,,,,,,
Robert Gasser,687297,SL,SL,,,,,,,,,,,,,,,
Sandy Alcantara,645261,CU,CU,0.26470588,0.70262391,0.63247863,0.84647303,0.43694268,0.57068063,0.10178117,0.25699746,132.308047289587,107.744398976982,0.17801047,0.12041885,41.2,Sandy Alcantara,Exact
Shane Baz,669358,SL,SL,0.31701632,0.67919799,0.58088235,0.900369,0.48188406,0.62380952,0.10144928,0.26328502,123.363822760199,108.652695829095,0.22857143,0.09047619,49.0,Shane Baz,Exact
Shane Bieber,669456,SL,SL,,,,,,,,,,,,,,,
Sonny Gray,543243,SL,SL,0.31451613,0.68169761,0.52564103,0.89494163,0.43184422,0.64317181,0.11556064,0.29633867,96.1518789524755,96.8676341463415,0.26872247,0.05726872,56.0,Sonny Gray,Exact
Spencer Arrighetti,687297,SL,SL,,,,,,,,,,,,,,,
Tanner Houck,656557,SL,SL,0.31497797,0.6440678,0.65034965,0.91052632,0.39385848,0.62068966,0.0894526,0.27102804,150.329377536856,97.0145333333333,0.15763547,0.08374384,43.2,Tanner Houck,Exact
Taylor Clarke,656756,SL,SL,,,,,,,,,,,,,,,
Tommy Henry,663993,CU,CU,,,,,,,,,,,,,,,
Tyler Anderson,542881,CU,CU,0.34004024,0.7251462,0.63905325,0.83870968,0.40762813,0.5645933,0.12038141,0.2681764,116.291601074243,96.7996185935638,0.20574163,0.08133971,50.1,Tyler Anderson,Exact
Tyler Mahle,641816,SL,SL,0.30590717,0.71032746,0.72413793,0.82624113,0.45579793,0.61971831,0.1021814,0.25947187,74.1093698289856,91.1540161104718,0.18779343,0.08450704,55.0,Tyler Mahle,Exact
Tyler Megill,656731,SL,SL,0.30567686,0.60559006,0.61428571,0.85128205,0.41282051,0.60621762,0.10641026,0.29102564,78.90179067,110.14841025641,0.29015544,0.11398964,43.1,Tylor Megill,Fuzzy
Walker Buehler,621111,SL,CH,0.325,0.65865385,0.72115385,0.91240876,0.39393939,0.66428571,0.07750473,0.26465028,104.490099972325,97.3713092979127,0.20714286,0.06428571,33.2,Walker Buehler,Exact
Zack Littell,656222,FC,FC,0.36790123,0.69889503,0.75167785,0.88932806,0.47196871,0.66666667,0.08474576,0.24511082,141.705172266635,84.3669908015769,0.14814815,0.0462963,54.1,Zack Littell,Exact
Zack Thompson,682995,CU,CU,,,,,,,,,,,,,,,
AJ Smith-Shawver,694192,SL,SL,0.32954545,0.65271967,0.56896552,0.8525641,0.40439932,0.57763975,0.12351946,0.29103215,87.244759271222,96.7104745762712,0.2484472,0.10559006,38.2,AJ Smith-Shawver,Exact
Andrew Abbott,686780,CU,CU,0.33246073,0.70386266,0.61417323,0.87804878,0.37886179,0.55633803,0.11219512,0.26666667,73.3538893494521,95.8744805194805,0.3028169,0.1056338,35.0,Andrew Abbott,Exact
Andre Pallante,669357,SI,SI,0.26681128,0.70870871,0.57723577,0.90677966,0.41939547,0.59624413,0.09319899,0.24307305,121.539010499028,90.4994703656999,0.15023474,0.07511737,50.1,Andre Pallante,Exact
Antonio Senzatela,622866,SL,SL,0.26709402,0.73780488,0.696,0.9214876,0.4120603,0.56190476,0.07160804,0.23366834,134.440650725977,86.4744986449864,0.1047619,0.06190476,43.2,Antonio Senzatela,Exact
Bailey Ober,668923,4S,4S,0.38592751,0.66666667,0.61878453,0.85,0.43425814,0.64573991,0.12665862,0.28829916,92.13082969,95.69997452,0.19282511,0.05381166,51.1,Bailey Ober,Exact
Ben Brown,687624,SL,SL,0.30394432,0.6484375,0.4351145,0.87550201,0.47116564,0.6745283,0.12883436,0.32269939,89.1673675879115,96.9217520948176,0.27358491,0.0754717,46.1,Ben Brown,Exact
Bowden Francis,656709,4S,4S,0.28604119,0.70392749,0.688,0.87124464,0.43098958,0.6318408,0.08984375,0.25911458,161.043200882976,93.0550260416667,0.17910448,0.06467662,46.1,Bowden Francis,Exact
Bryce Miller,687024,4S,4S,0.28223844,0.72727273,0.67241379,0.85775862,0.4369863,0.58045977,0.09712722,0.23939808,101.034305838087,101.522584118439,0.20114943,0.12068966,39.2,Bryce Miller,Exact
Bryan Woo,687433,4S,4S,0.35036496,0.75443038,0.64583333,0.8590604,0.49007444,0.68468468,0.11538462,0.25930521,69.9027231795555,103.935149253731,0.24774775,0.03603604,57.2,Bryan Woo,Exact
Cade Povich,687677,CU,CU,0.25706941,0.64741641,0.65,0.88262911,0.45821727,0.63128492,0.08356546,0.27158774,119.753935726985,97.0528870292887,0.2122905,0.07821229,41.1,Cade Povich,Exact
Dylan Cease,656555,SL,SL,0.34268537,0.72392638,0.48538012,0.83050847,0.39515152,0.63546798,0.15496368,0.28813559,80.8957183520488,107.98322815534,0.28571429,0.08866995,47.0,Dylan Cease,Exact
Hunter Greene,663886,SL,CH,0.38028169,0.74386921,0.51851852,0.77655678,0.50831025,0.71590909,0.17451524,0.32132964,72.20797431,126.203,0.34659091,0.04545455,45.2,Hunter Greene,Exact
Luis Castillo,592389,CU,CU,0.32330827,0.73316708,0.65116279,0.87755102,0.42979636,0.6302521,0.10289389,0.24437299,90.5294273883049,95.2960944206009,0.18487395,0.08403361,56.1,Luis Castillo,Exact
Pablo López,657022,SL,CH,0.32923833,0.66163142,0.58208955,0.84474886,0.44850949,0.5819209,0.12195122,0.28319783,59.2053037802979,95.0133785617368,0.27683616,0.05084746,45.0,Pablo López,Exact
Tarik Skubal,680574,CU,CU,0.37468354,0.72885572,0.51351351,0.73037543,0.50439147,0.70616114,0.18946048,0.3412798,51.2111191733171,118.678060453401,0.33649289,0.02843602,54.0,Tarik Skubal,Exact
Shane McClanahan,663556,SL,CH,0.31701632,0.67919799,0.58088235,0.900369,0.48188406,0.62380952,0.10144928,0.26328502,123.3638228,108.4492167,0.22857143,0.09047619,49.0,,
Robbie Ray,592390,SL,CH,0.3197026,0.72010178,0.54651163,0.8409894,0.42212675,0.60425532,0.13169165,0.27837259,90.00603267,98.7734627831715,0.26382979,0.11489362,57.1,Robbie Ray,Exact
Luis Garcia,666971,FC,SL,0.296,0.73837209,0.62162162,0.88976378,0.40758294,0.55102041,0.09952607,0.24170616,84.9177482944785,108.377321428571,0.2244898,0.13265306,21.2,Luis García,Fuzzy
Dustin May,668731,SL,CH,0.26941748,0.67128028,0.63963964,0.8814433,0.41226819,0.55789474,0.08974359,0.27777778,99.028576179607,96.89298146,0.21578947,0.08947368,44.2,Dustin May,Exact
Cole Ragans,663624,CU,CU,0.31363636,0.69859155,0.57971014,0.76209677,0.44654088,0.60732984,0.14716981,0.31698113,47.7115869691196,108.272515802781,0.37696335,0.06806283,45.2,Cole Ragans,Exact
Colin Rea,592663,FC,FC,0.27173913,0.6443662,0.65,0.89617486,0.43558282,0.68452381,0.08282209,0.27147239,91.4859824916057,94.8159833202152,0.19047619,0.06547619,41.2,Colin Rea,Exact
Edward Cabrera,665862,CU,CU,0.28279883,0.56505576,0.58762887,0.89473684,0.43954248,0.57236842,0.09150327,0.29575163,117.349403051965,105.866229508197,0.21710526,0.09210526,34.1,Edward Cabrera,Exact
Gavin Williams,687021,4S,4S,0.31069959,0.69085174,0.49668874,0.85844749,0.39476961,0.53475936,0.13325031,0.28518057,113.222059586281,102.388798017348,0.27272727,0.12834225,42.0,Gavin Williams,Exact
Graham Ashcraft,676651,SL,SL,0.46694215,0.62295082,0.61061947,0.90789474,0.33516484,0.62886598,0.14010989,0.29120879,63.8205180513449,120.393555555556,0.26804124,0.10309278,23.0,Graham Ashcraft,Exact
Griffin Canning,669456,SL,SL,0.32426304,0.65564738,0.51748252,0.87394958,0.45149254,0.59090909,0.12313433,0.29104478,96.7681614394081,93.2979130434783,0.23232323,0.08585859,47.1,Griffin Canning,Exact
Hayden Wesneski,681140,SL,SL,0.30798479,0.65306122,0.64197531,0.8625,0.48228346,0.64885496,0.1003937,0.28149606,118.794571454957,94.60146245,0.22137405,0.04580153,32.0,Hayden Wesneski,Exact
Hunter Brown,680686,CU,CU,0.34077079,0.608,0.61904762,0.82894737,0.43202765,0.58653846,0.11866359,0.30529954,46.4227203535139,111.254457274827,0.32211538,0.06730769,56.2,Hunter Brown,Exact
Jack Flaherty,666134,SL,SL,0.31524008,0.65853659,0.53642384,0.86111111,0.40644362,0.63917526,0.12391574,0.29987608,112.16706218514,98.9720745341615,0.28865979,0.07731959,46.2,Jack Flaherty,Exact
Jack Leiter,687299,SL,SL,0.28037383,0.70229008,0.62222222,0.85869565,0.44939966,0.63013699,0.10291595,0.25557461,98.8599696236227,110.84397941681,0.18493151,0.10958904,36.0,Jack Leiter,Exact
Jackson Jobe,690987,SL,SL,0.3060241,0.66906475,0.64566929,0.87096774,0.4011544,0.65895954,0.0995671,0.25541126,129.87255963032,109.319314888011,0.1849711,0.12716763,39.1,Jackson Jobe,Exact
Jonathan Cannon,687259,SL,SL,0.30576923,0.70304569,0.71069182,0.88447653,0.43107221,0.60759494,0.0852459,0.23387978,96.6507367138794,99.63400192,0.17721519,0.07172996,55.0,Jonathan Cannon,Exact
Jose Butto,672640,CU,CU,0.31598513,0.74233129,0.51764706,0.87603306,0.37731481,0.60550459,0.12933025,0.25866051,90.8600760468709,102.292006319115,0.22018349,0.11009174,26.0,José Buttó,Fuzzy
Justin Steele,670008,SL,SL,0.37790698,0.68085106,0.66153846,0.9375,0.45047923,0.67391304,0.08945687,0.27476038,123.695566302666,100.755974440895,0.22826087,0.05434783,22.2,Justin Steele,Exact
Kyle Hendricks,592767,CU,CU,0.3019802,0.63265306,0.74590164,0.92473118,0.42120344,0.63953488,0.06437768,0.25894134,129.328169207045,80.1376923076923,0.14534884,0.09302326,41.2,Kyle Hendricks,Exact
Logan Allen,680688,SL,SL,0.27663934,0.6286645,0.74074074,0.89119171,0.38616352,0.62944162,0.07044025,0.25786164,97.4914927274042,92.7453929539295,0.17258883,0.10659898,44.1,Logan Allen,Exact
MacKenzie Gore,669370,CU,CU,0.35051546,0.71428571,0.5,0.80677966,0.41507538,0.61440678,0.15979899,0.29648241,73.9019815589029,101.022096774194,0.3559322,0.07627119,56.1,MacKenzie Gore,Exact
Matthew Boyd,605648,SL,SL,0.34698276,0.70637119,0.68944099,0.84313725,0.43757576,0.63084112,0.10909091,0.2630303,97.7989335782998,94.9472506082725,0.24766355,0.06074766,51.1,Matthew Boyd,Exact
Max Meyer,676606,SL,SL,0.3280543,0.64942529,0.46206897,0.88495575,0.44050633,0.62037037,0.13164557,0.30379747,96.4612664767923,96.2498856416773,0.27314815,0.07407407,50.1,Max Meyer,Exact
Michael Lorenzen,571864,CU,CU,0.31235955,0.6819407,0.57553957,0.88142292,0.45465686,0.61818182,0.10906863,0.27083333,110.987117816823,94.4500245700245,0.20454545,0.06818182,52.2,Michael Lorenzen,Exact
Nathan Eovaldi,594835,SF,SF,0.3372093,0.71358025,0.54597701,0.83737024,0.43973941,0.59913793,0.13665944,0.30043384,51.914538031259,98.2362472885032,0.28017241,0.03448276,61.1,Nathan Eovaldi,Exact
Paul Skenes,686389,SL,SL,0.33097345,0.72209026,0.63636364,0.80263158,0.42697769,0.61316872,0.12981744,0.27586207,69.11582785,108.515810113519,0.25514403,0.06584362,62.2,Paul Skenes,Exact
Reese Olson,681140,CU,CU,0.31467181,0.66784452,0.48466258,0.87301587,0.35330836,0.64676617,0.13483146,0.30586767,72.5234952685857,94.364425,0.25373134,0.09452736,48.2,Reese Olson,Exact
Ryan Feltner,680689,SL,SL,0.33226837,0.71634615,0.58653846,0.87248322,0.39923225,0.59259259,0.11854685,0.2543021,102.629491010349,88.3901915708812,0.18518519,0.08888889,30.1,Ryan Feltner,Exact
Ryan Pepiot,676968,CU,CU,0.31884058,0.72289157,0.68831169,0.84333333,0.46213808,0.59745763,0.10555556,0.24444444,120.140613711216,107.954543429844,0.19915254,0.07627119,56.1,Ryan Pepiot,Exact
Seth Lugo,608336,CU,CU,0.2639485,0.65326633,0.6504065,0.90769231,0.46064815,0.72522523,0.0775463,0.27546296,111.12178874857,96.64438228,0.18918919,0.06756757,56.2,Seth Lugo,Exact
Taj Bradley,687093,FC,FC,0.29450549,0.71098266,0.60447761,0.89837398,0.43196005,0.56807512,0.09737828,0.24219725,118.790439468825,100.487894736842,0.19248826,0.10328638,50.2,Taj Bradley,Exact
Tanner Bibee,687006,SL,SL,0.24248927,0.69250646,0.61946903,0.90298507,0.45369285,0.62441315,0.08089097,0.26260258,141.145180864192,101.222603815937,0.16431925,0.07981221,51.0,Tanner Bibee,Exact
Taijuan Walker,592135,SF,SF,0.29512894,0.64257028,0.73786408,0.89375,0.41638796,0.63087248,0.07345576,0.24540902,83.8173565775141,92.82661115,0.20805369,0.09395973,34.1,Taijuan Walker,Exact
Trevor Rogers,669432,CU,CU,0.31060606,0.74825175,0.6097561,0.86915888,0.52,0.72839506,0.10909091,0.30545455,79.2506310458965,126.214763636364,0.22222222,0.03703704,22.1,Tyler Rogers,Fuzzy
Will Warren,687370,SL,SL,0.26,0.57807309,0.64957265,0.82183908,0.40079893,0.63687151,0.09561753,0.31075697,76.7388043622086,100.41672,0.27932961,0.09497207,41.0,Will Warren,Exact
Yusei Kikuchi,660286,SL,SL,0.27291667,0.6561086,0.6259542,0.87241379,0.47939262,0.61702128,0.09297297,0.26594595,106.115240702615,94.5021521739131,0.21276596,0.1106383,54.0,Yusei Kikuchi,Exact
Yoshinobu Yamamoto,808968,SF,SF,0.33534137,0.67073171,0.5748503,0.81363636,0.39709443,0.60301508,0.13542926,0.30229746,75.2059569050482,94.8621216041397,0.29648241,0.08040201,51.0,Yoshinobu Yamamoto,Exact
Shota Imanaga,808969,4S,4S,0.35326087,0.75617284,0.68461538,0.82040816,0.46820809,0.66298343,0.12265512,0.25685426,114.966955913763,99.2947413793103,0.1878453,0.07734807,44.2,Shota Imanaga,Exact
Brendon Little,663893,SL,CH,0.3878327,0.56435644,0.2745098,0.84210526,0.27747253,0.58426966,0.22802198,0.37912088,51.71898535640631,120.320388888889,0.37078652,0.11235955,21.1,Brendon Little,Exact
Martín Pérez,527048,SI,CH,0.21714286,0.62937063,0.68421053,0.81111111,0.44968553,0.61445783,0.09090909,0.28213166,88.5848509442847,75.4527044025157,0.21686747,0.13253012,20.0,Martín Pérez,Exact
Zach Eflin,621107,CU,CH,0.33039648,0.67379679,0.73333333,0.86507937,0.45169082,0.64347826,0.08937198,0.25603865,129.68629661148,95.1140435835351,0.14782609,0.02608696,28.1,Zach Eflin,Exact
Joey Cantillo,676282,CU,CH,0.22707424,0.62433862,0.67307692,0.75423729,0.45215311,0.54,0.11004785,0.31100478,115.591949337028,91.1771712158809,0.27,0.12,22.0,Joey Cantillo,Exact
Casey Mize,663554,SF,SL,0.32515337,0.69343066,0.60377358,0.83157895,0.45666667,0.70658683,0.12333333,0.29666667,97.05449281,99.3633443708609,0.20958084,0.05389222,42.2,Casey Mize,Exact
Jameson Taillon,592791,FC,CH,0.33953488,0.64657534,0.66438356,0.87711864,0.4591195,0.71921182,0.09811321,0.29559748,134.710267292004,98.4546582278481,0.20689655,0.04433498,49.2,Jameson Taillon,Exact
Clarke Schmidt,657376,SL,CH,0.29285714,0.64912281,0.5,0.86486486,0.4488189,0.68382353,0.11984283,0.29862475,115.050808522888,99.0253648915187,0.22058824,0.125,32.2,Clarke Schmidt,Exact
Tobias Myers,668964,4S,SL,0.32512315,0.72121212,0.77272727,0.91596639,0.44836957,0.57291667,0.06793478,0.21467391,111.435877887537,89.0076630434783,0.15625,0.10416667,20.0,Tobias Myers,Exact
Garrett Crochet,676979,4S,SL,0.3471223,0.71724138,0.59585492,0.82371795,0.43895055,0.60159363,0.13420787,0.28052472,67.6685881157015,112.043687943262,0.29083665,0.08366534,63.0,Garrett Crochet,Exact
Emilio Pagán,641941,SF,SL,0.35384615,0.77124183,0.5942029,0.78813559,0.43965517,0.71590909,0.15229885,0.28735632,90.4744704997167,112.071098265896,0.29545455,0.06818182,23.0,Emilio Pagán,Exact
Ryne Nelson,669194,4S,CH,0.3015873,0.65151515,0.65789474,0.87596899,0.44,0.60714286,0.09312639,0.28159645,95.011038090595,110.513281064302,0.25,0.08928571,26.1,Ryne Nelson,Exact
Collin Snider,676092,SI,SL,0.39336493,0.74698795,0.6626506,0.87096774,0.4403183,0.67391304,0.11671088,0.25994695,76.8161907409522,103.113315649867,0.22826087,0.0326087,21.1,Collin Snider,Exact
Luis Severino,622663,SL,CH,0.30093458,0.70114943,0.77639752,0.89180328,0.44845361,0.63921569,0.07113402,0.23814433,87.0669895051463,106.691904761905,0.17647059,0.07843137,59.2,Luis Severino,Exact
Mitchell Parker,680730,SL,CH,0.32087912,0.74094708,0.69863014,0.87593985,0.44103194,0.58796296,0.09447853,0.22944785,91.2919933065345,92.5401246882793,0.14814815,0.11111111,50.0,Mitchell Parker,Exact
Ben Casparius,676508,CU,CH,0.37218045,0.69668246,0.53535354,0.86394558,0.44234801,0.61788618,0.13836478,0.2851153,49.4868236402612,116.772395672185,0.25203252,0.04065041,30.1,Ben Casparius,Exact
Kyle Leahy,681517,SL,CH,0.32843137,0.65432099,0.59701493,0.88679245,0.44262295,0.70833333,0.10655738,0.29234973,85.9807690843543,99.19469945,0.21875,0.07291667,26.2,Kyle Leahy,Exact
Davis Martin,663436,FC,SL,0.32244898,0.68717949,0.67088608,0.92164179,0.44318182,0.57383966,0.08295455,0.23295455,95.94879045,96.4763400067674,0.15189873,0.05485232,56.2,Davis Martin,Exact
Landon Knack,689017,SI,CH,0.29098361,0.7025641,0.70422535,0.84671533,0.44419134,0.65714286,0.09567198,0.23690205,126.070919633378,98.0146134351099,0.21904762,0.0952381,23.1,Landon Knack,Exact
Carmen Mlodzinski,669387,SI,SL,0.29736842,0.64379085,0.68141593,0.9035533,0.44606414,0.62222222,0.08005822,0.26055313,106.365934895214,100.278715328467,0.15555556,0.06666667,39.2,Carmen Mlodzinski,Exact
Bailey Falter,663559,CH,SL,0.26960784,0.64954683,0.72727273,0.8744186,0.44790257,0.54736842,0.07702703,0.25540541,111.559762911495,95.0146927374301,0.17894737,0.09473684,47.0,Bailey Falter,Exact
Connor Gillispie,687362,CU,SL,0.31558935,0.62980769,0.69879518,0.8778626,0.44161359,0.55284553,0.08686441,0.26483051,140.402350746619,91.56907631,0.18699187,0.08943089,26.0,Connor Gillispie,Exact
Lucas Giolito,608337,SL,CH,0.30054645,0.67948718,0.65454545,0.93396226,0.46017699,0.61111111,0.07647059,0.24705882,135.012874851426,89.0434523809524,0.18888889,0.06666667,20.1,Lucas Giolito,Exact
Kumar Rocker,677958,SL,SF,0.28865979,0.73493976,0.48214286,0.91803279,0.46111111,0.58947368,0.10803324,0.25207756,105.047619572282,94.542271468144,0.16842105,0.05263158,20.0,Kumar Rocker,Exact
Osvaldo Bido,674370,SL,CH,0.28835979,0.74229692,0.64220183,0.86415094,0.48571429,0.62626263,0.10176391,0.23473541,151.845380422397,94.82297111,0.14646465,0.09090909,43.1,Osvaldo Bido,Exact
Steven Okert,595345,SL,SL,0.28205128,0.73154362,0.43181818,0.76146789,0.48852459,0.56962025,0.16612378,0.31596091,49.4486041706015,111.549802631579,0.30379747,0.03797468,22.0,Steven Okert,Exact
Tyler Rogers,643511,SL,SL,0.31060606,0.74825175,0.6097561,0.86915888,0.52,0.72839506,0.10909091,0.30545455,79.2506310458965,126.214763636364,0.22222222,0.03703704,22.1,Tyler Rogers,Exact
Miles Mikolas,571945,SI,CU,0.27222222,0.6426513,0.7755102,0.89686099,0.49080622,0.68947368,0.06355932,0.25282486,91.0714815174369,88.7547592067988,0.14210526,0.07894737,45.1,Miles Mikolas,Exact
Steven Matz,571927,CH,CU,0.30932203,0.66511628,0.73972603,0.8951049,0.4767184,0.60176991,0.07538803,0.2594235,49.1543278179518,100.108556729418,0.20353982,0.02654867,28.1,Steven Matz,Exact
Kris Bubic,663460,CH,CU,0.35983264,0.67586207,0.59302326,0.78571429,0.47645126,0.62704918,0.1456736,0.31215772,65.7951596494986,95.8057080131723,0.25,0.07377049,61.1,Kris Bubic,Exact
Kyle Freeland,607536,SL,CH,0.37882353,0.71122995,0.57142857,0.91729323,0.46808511,0.67965368,0.11375,0.27375,75.13334985,95.5480940594059,0.17748918,0.04329004,50.2,Kyle Freeland,Exact
Carlos Estévez,608032,SL,4S,0.28651685,0.71069182,0.70588235,0.91150442,0.47181009,0.65591398,0.07418398,0.22255193,72.8963598020505,97.2979761904762,0.20430108,0.10752688,21.2,Carlos Estévez,Exact
Enyel De Los Santos,660853,SL,CH,0.32417582,0.6809816,0.55932203,0.82882883,0.47246377,0.59036145,0.13043478,0.29275362,86.3520080863909,94.2301492537314,0.26506024,0.08433735,20.0,Enyel De Los Santos,Exact
Brad Lord,695418,CU,SL,0.3,0.73605948,0.72222222,0.84848485,0.47275923,0.52666667,0.09666081,0.23374341,105.839665697768,85.497117581452,0.18666667,0.08666667,34.0,Brad Lord,Exact
Spencer Schwellenbach,680885,SF,SL,0.3551797,0.69882353,0.56547619,0.86531987,0.47327394,0.68548387,0.12583519,0.28173719,93.02546717,107.609587513935,0.19758065,0.0483871,61.1,Spencer Schwellenbach,Exact
Joey Wentz,666214,CH,SL,0.30701754,0.74157303,0.6,0.88636364,0.43842365,0.57142857,0.10591133,0.23399015,106.574851600204,94.248,0.18367347,0.1122449,21.1,Joey Wentz,Exact
Max Kranick,668820,SL,CH,0.3575419,0.77040816,0.78125,0.8410596,0.52266667,0.64485981,0.10133333,0.22666667,90.37565559,101.218449197861,0.1588785,0.02803738,27.0,Max Kranick,Exact
Eduard Bazardo,660825,SL,CH,0.29147982,0.60344828,0.73846154,0.8952381,0.43828715,0.63265306,0.07052897,0.27707809,101.494236123262,101.03798488665,0.19387755,0.1122449,23.1,Eduard Bazardo,Exact
Jack Dreyer,676263,CU,SL,0.34782609,0.67597765,0.5375,0.85123967,0.43765281,0.59259259,0.13414634,0.3,54.7387505122156,96.92863444,0.27777778,0.11111111,26.2,Jack Dreyer,Exact
Mitch Spence,687765,SI,CH,0.34920635,0.69117647,0.54545455,0.88652482,0.39306358,0.59124088,0.12692308,0.28076923,100.961041775709,101.084798464491,0.2189781,0.08029197,30.1,Mitch Spence,Exact
Ronel Blanco,669854,SF,SL,0.34719335,0.67412141,0.56287425,0.8056872,0.39420655,0.5879397,0.14357683,0.29974811,104.849813577212,89.040404040404,0.24120603,0.10050251,48.1,Ronel Blanco,Exact
Jeremiah Estrada,669093,SL,SL,0.44148936,0.73228346,0.56626506,0.78494624,0.4031746,0.725,0.17777778,0.3047619,68.2357945217633,119.379871794872,0.3875,0.05,20.1,Jeremiah Estrada,Exact
Tyler Ferguson,621053,SL,CU,0.2952381,0.64084507,0.64516129,0.85714286,0.40340909,0.60674157,0.09943182,0.25852273,108.787985657022,107.719401197605,0.2247191,0.14606742,21.0,Tyler Ferguson,Exact
Chad Patrick,694477,SL,CH,0.33545648,0.70625,0.77848101,0.87168142,0.4045512,0.64356436,0.08080808,0.22222222,90.0840404760963,102.09647552549,0.18811881,0.07425743,48.1,Chad Patrick,Exact
Sean Burke,680732,SL,CH,0.26961771,0.68328446,0.64925373,0.85407725,0.40692124,0.60550459,0.0965435,0.24672229,145.708999331768,91.4074046324565,0.15137615,0.12385321,48.0,Sean Burke,Exact
José Soriano,667755,SF,SL,0.283859,0.67115903,0.50980392,0.89959839,0.40769231,0.58634538,0.10989011,0.27142857,86.52686899,93.0172277227723,0.18473896,0.10843373,58.0,José Soriano,Exact
Trevor Williams,592866,CH,SI,0.30480167,0.64848485,0.67123288,0.88785047,0.407911,0.6407767,0.08899876,0.25957973,93.1848099982306,94.3761734693877,0.18446602,0.05825243,45.2,Trevor Williams,Exact
Tomoyuki Sugano,608372,SF,SL,0.34322034,0.67197452,0.71604938,0.90995261,0.39949109,0.59134615,0.0826972,0.24173028,121.115198574595,92.25806369,0.13942308,0.04326923,52.2,Tomoyuki Sugano,Exact
Anthony Banda,607455,SL,CH,0.3,0.72789116,0.49206349,0.90654206,0.41176471,0.52173913,0.11699164,0.2367688,140.127561412207,98.670745614035,0.18478261,0.09782609,22.2,Anthony Banda,Exact
Bryse Wilson,669060,SI,SL,0.31111111,0.68965517,0.75,0.90625,0.39189189,0.62745098,0.07263514,0.21283784,154.548330400538,97.7773693380555,0.12418301,0.09150327,33.0,Bryse Wilson,Exact
Charlie Morton,450203,CU,CU,0.30379747,0.68543046,0.61805556,0.89855072,0.38917526,0.54871795,0.09793814,0.25,148.143854608055,97.8329381443299,0.20512821,0.12307692,41.0,Charlie Morton,Exact
Fernando Cruz,518585,SF,SL,0.32644628,0.62121212,0.32911392,0.76829268,0.35294118,0.55913978,0.19251337,0.36631016,58.708778309917,104.484128686327,0.37634409,0.08602151,23.2,Fernando Cruz,Exact
Andrés Muñoz,662253,SL,SL,0.33173077,0.67213115,0.42028986,0.81707317,0.36969697,0.47435897,0.16666667,0.32727273,41.46613601618991,114.400978593272,0.35897436,0.1025641,20.2,Andrés Muñoz,Exact
Ronny Henriquez,678692,CH,SL,0.3699187,0.65068493,0.50549451,0.81052632,0.37244898,0.61165049,0.15989848,0.30456853,88.99389469,105.480205655527,0.29126214,0.12621359,22.2,Ronny Henriquez,Exact
Justin Sterner,686993,SI,SL,0.3253012,0.65100671,0.5308642,0.87628866,0.37437186,0.61956522,0.12531328,0.28070175,94.1239756006725,108.59022556391,0.29347826,0.14130435,22.2,Justin Sterner,Exact
Eduardo Rodriguez,593958,FC,CH,0.3161157,0.68259386,0.7254902,0.845,0.37709138,0.55924171,0.09383033,0.24807198,110.008391574613,92.265,0.2464455,0.08530806,44.2,Eduardo Rodriguez,Exact
Aaron Nola,605400,CU,CU,0.37616387,0.62576687,0.66831683,0.85294118,0.37775203,0.61818182,0.11239861,0.29548088,121.184221199915,105.53518128655,0.23636364,0.07272727,49.2,Aaron Nola,Exact
Tyler Holton,663947,SL,SL,0.28502415,0.71428571,0.69491525,0.86315789,0.39117647,0.52380952,0.09117647,0.25,120.708708424517,100.845162233046,0.22619048,0.08333333,20.0,Tyler Holton,Exact
Brayan Bello,678394,CH,SL,0.26571429,0.66976744,0.68817204,0.90277778,0.38053097,0.56338028,0.07610619,0.2300885,134.607665015381,90.3660638297872,0.14084507,0.13380282,31.1,Brayan Bello,Exact
Bryan Abreu,650556,SL,SL,0.32242991,0.65413534,0.49275362,0.85057471,0.3832853,0.57142857,0.13793103,0.30172414,53.3772444798429,109.558904899135,0.28571429,0.12087912,21.1,Bryan Abreu,Exact
Hayden Birdsong,806185,SL,CH,0.32352941,0.67567568,0.57142857,0.84,0.38341969,0.61386139,0.12661499,0.27648579,121.25214651694,106.677037037037,0.24752475,0.0990099,23.1,Hayden Birdsong,Exact
Ryan Yarbrough,642232,CH,FC,0.31983806,0.6516129,0.64556962,0.87128713,0.38557214,0.75490196,0.10199005,0.27114428,118.350191699249,102.197437296277,0.19607843,0.09803922,24.1,Ryan Yarbrough,Exact
Jalen Beeks,656222,CH,SL,0.36666667,0.79470199,0.52272727,0.825,0.38618926,0.63829787,0.16112532,0.25575448,92.8698779762395,99.3687979539642,0.23404255,0.10638298,23.0,Jalen Beeks,Exact
Daysbel Hernández,678226,SL,SL,0.26470588,0.68217054,0.62962963,0.82954545,0.38738739,0.55128205,0.10510511,0.26426426,92.5162496107197,108.965492537313,0.17948718,0.15384615,20.0,Daysbel Hernández,Exact
Jason Adam,592094,SF,SF,0.36651584,0.62857143,0.5308642,0.77272727,0.38781163,0.5,0.16066482,0.32409972,80.9178713168017,103.790722222222,0.30434783,0.10869565,23.1,Jason Adam,Exact
Landen Roupp,694738,CU,SL,0.32291667,0.60677966,0.61290323,0.8603352,0.38064516,0.62068966,0.10967742,0.29677419,97.8355979673447,100.836328125,0.23152709,0.07881773,46.0,Landen Roupp,Exact
Will Vest,676684,SL,CH,0.31455399,0.69879518,0.58208955,0.81034483,0.43799472,0.68604651,0.13192612,0.30079156,57.3943176341652,105.790972972973,0.29069767,0.08139535,21.2,Will Vest,Exact
Merrill Kelly,518876,CH,FC,0.31346154,0.68306011,0.63803681,0.892,0.41309255,0.60869565,0.09706546,0.27088036,89.3178364228462,91.55979638,0.22608696,0.06521739,58.0,Merrill Kelly,Exact
Quinn Priester,682990,CU,CH,0.24731183,0.68683274,0.60869565,0.88082902,0.43032159,0.58579882,0.09035222,0.24349158,126.881889773576,96.7637974139972,0.14792899,0.13017751,38.2,Quinn Priester,Exact
Brad Keller,641745,SI,SL,0.32857143,0.62893082,0.62318841,0.89,0.43089431,0.66292135,0.1,0.28378378,55.1192616266063,104.89628637487,0.26966292,0.07865169,21.2,Brad Keller,Exact
Robert Garcia,676395,SL,SL,0.35151515,0.664,0.63793103,0.85542169,0.43103448,0.67532468,0.1137931,0.29310345,70.4576407344272,102.279931034483,0.22077922,0.07792208,20.1,Robert Garcia,Exact
Chad Green,643338,4S,SL,0.34285714,0.73684211,0.68333333,0.83673469,0.43181818,0.69135802,0.11326861,0.25242718,161.682227302763,98.20084142,0.2345679,0.0617284,20.2,Chad Green,Exact
Luis L. Ortiz,682847,SI,SL,0.28210526,0.71546961,0.58955224,0.7992278,0.43249701,0.63981043,0.12783751,0.29032258,101.527723759321,97.4652757793765,0.26540284,0.10900474,48.1,Luis L. Ortiz,Exact
Spencer Bivens,702352,SI,SL,0.2979798,0.67114094,0.6440678,0.91,0.42939481,0.58241758,0.08645533,0.27665706,107.347977481364,98.4714942528735,0.17582418,0.08791209,22.1,Spencer Bivens,Exact
David Peterson,656849,SL,CH,0.34237996,0.64305177,0.6097561,0.90677966,0.43380615,0.63013699,0.10153483,0.29161747,89.3628141744155,90.15029656,0.21461187,0.0913242,50.1,David Peterson,Exact
Greg Weissert,669711,SL,SL,0.26842105,0.67123288,0.66666667,0.82653061,0.43452381,0.50588235,0.10119048,0.29464286,80.950215691589,97.30922619,0.24705882,0.07058824,20.1,Greg Weissert,Exact
Randy Vásquez,681190,CU,CH,0.26024096,0.65830721,0.73148148,0.91904762,0.4346049,0.58163265,0.0626703,0.23024523,127.113969701171,96.4302747252747,0.11734694,0.13265306,44.1,Randy Vásquez,Exact
José Alvarado,621237,SL,SL,0.32460733,0.68707483,0.58064516,0.89108911,0.43491124,0.63095238,0.10946746,0.27810651,46.0695180185027,115.985103857567,0.29761905,0.04761905,20.0,José Alvarado,Exact
Grant Holmes,656550,CU,SL,0.29460581,0.69086022,0.56338028,0.87159533,0.43559719,0.54245283,0.11111111,0.25847953,131.450387035593,89.9432332745078,0.23113208,0.11792453,51.2,Grant Holmes,Exact
Simeon Woods Richardson,680573,CH,SL,0.30829016,0.7114094,0.65546218,0.86320755,0.43567251,0.57831325,0.10218978,0.24233577,130.29385952683,90.0572108788057,0.21084337,0.08433735,37.2,Simeon Woods Richardson,Exact
German Marquez,608566,CU,SL,0.30971129,0.71575342,0.66949153,0.94258373,0.43387816,0.57512953,0.07566766,0.21068249,114.084969511338,88.6752537313433,0.10880829,0.08290155,40.0,German Marquez,Exact
Chris Paddack,663978,CH,SL,0.33479212,0.71118012,0.7254902,0.88209607,0.41335045,0.64248705,0.0885751,0.22978177,118.095677047962,95.7068211068211,0.17098446,0.0880829,46.2,Chris Paddack,Exact
Jesús Luzardo,666200,CH,SL,0.34274194,0.66935484,0.48823529,0.87148594,0.42857143,0.68949772,0.13693901,0.29689298,58.0878138553914,102.07416378316,0.26027397,0.06849315,54.0,Jesús Luzardo,Exact
Tony Gonsolin,664062,SF,SL,0.28717949,0.6137931,0.53571429,0.79775281,0.42647059,0.70238095,0.12941176,0.30882353,112.9933539,94.9642729970326,0.28571429,0.10714286,20.0,Tony Gonsolin,Exact
Cristopher Sánchez,650911,CH,SL,0.33549784,0.65243902,0.5483871,0.85046729,0.41518987,0.64251208,0.12911392,0.29746835,86.571463894672,113.3189581,0.28502415,0.0821256,49.1,Cristopher Sánchez,Exact
Yariel Rodríguez,684320,SF,SL,0.30373832,0.68421053,0.58461538,0.83653846,0.41530055,0.53846154,0.11989101,0.26158038,120.118950332459,101.280078824445,0.24175824,0.0989011,23.0,Yariel Rodríguez,Exact
Chase Dollander,801403,SL,CH,0.29072682,0.73943662,0.68103448,0.83809524,0.41581259,0.52325581,0.10395315,0.23572474,141.6902881427,105.93906020558,0.22093023,0.10465116,38.2,Chase Dollander,Exact
Garrett Whitlock,676477,CH,SL,0.33198381,0.65730337,0.45121951,0.79487179,0.41882353,0.61386139,0.16235294,0.31764706,79.0896170509899,101.818494117647,0.28712871,0.0990099,23.1,Garrett Whitlock,Exact
Tyler Phillips,663969,SI,SL,0.38495575,0.6196319,0.56321839,0.9009901,0.41902314,0.61165049,0.12339332,0.3059126,122.905548150485,100.02971563981,0.14563107,0.0776699,24.1,Tyler Phillips,Exact
Jacob Webb,657097,SL,SL,0.30113636,0.75572519,0.62264151,0.88888889,0.4267101,0.58139535,0.1009772,0.247557,113.555644129641,90.3157516339869,0.18604651,0.09302326,21.1,Jacob Webb,Exact
Manuel Rodríguez,655889,SL,SL,0.38251366,0.68181818,0.58571429,0.91111111,0.41904762,0.60465116,0.11746032,0.26349206,81.0795419113933,104.091182108626,0.22093023,0.04651163,21.1,Manuel Rodríguez,Exact
Logan Evans,688138,SI,SL,0.285,0.66206897,0.71929825,0.95833333,0.42028986,0.5483871,0.05797101,0.23478261,105.341571866539,99.36604651,0.15053763,0.08602151,21.0,Logan Evans,Exact
Jack Kochanowicz,686799,CU,CH,0.33179724,0.6984127,0.6875,0.92727273,0.42056075,0.60663507,0.08122503,0.22636485,126.741152863389,94.03543391,0.13744076,0.1042654,49.2,Jack Kochanowicz,Exact
Hunter Dobbins,690928,SI,SL,0.35294118,0.64761905,0.64705882,0.875,0.42084168,0.59124088,0.106,0.286,82.533587116621,95.6419599109131,0.18248175,0.03649635,32.1,Hunter Dobbins,Exact
Kyle Hart,606996,CH,SL,0.27777778,0.70138889,0.67272727,0.9009901,0.42105263,0.58888889,0.08163265,0.26239067,151.834701832062,96.48756598,0.17777778,0.06666667,21.0,Kyle Hart,Exact
Roki Sasaki,808963,SF,SF,0.24347826,0.6812749,0.55952381,0.93567251,0.42114094,0.57142857,0.08013356,0.23706177,148.855658749909,90.5158053691275,0.15584416,0.14285714,34.1,Roki Sasaki,Exact
